ds,y,yhat,residual,Z_Residual
2025-01-01,937.45,2481.5040078239235,-1544.0540078239235,-0.9239304538326031
2025-01-02,3330.7699999999995,2810.4480521355936,520.321947864406,0.3117355520975139
2025-01-03,3252.7,2904.741281029216,347.9587189707836,0.20856472120824143
2025-01-04,2895.55,2923.2655913859894,-27.715591385989228,-0.01630128409955761
2025-01-05,2868.9,1027.2401948157942,1841.6598051842059,1.1026439465397513
2025-01-06,711.6300000000001,773.7535935211338,-62.12359352113367,-0.03689675676683754
2025-01-07,596.8199999999999,3271.579820473729,-2674.7598204737287,-1.6007329187853054
2025-01-08,2860.9,3961.3961736832935,-1100.4961736832934,-0.6584316546427942
2025-01-09,3174.3199999999997,4269.155550116484,-1094.8355501164842,-0.6550433957868433
2025-01-10,4556.95,4322.676918618206,234.27308138179342,0.14051632268658432
2025-01-11,4993.379999999999,4280.797183495602,712.5828165043968,0.426816440825371
2025-01-12,4799.78,2305.106250535678,2494.6737494643216,1.493516127608259
2025-01-13,839.02,1953.4894950046637,-1114.4694950046637,-0.6667956147534411
2025-01-14,788.7099999999999,4335.944891761619,-3547.234891761619,-2.122967148282729
2025-01-15,6368.61,4894.7916967746505,1473.8183032253492,0.8824663968602011
2025-01-16,7534.4,5058.023679135341,2476.3763208646587,1.4825639023344483
2025-01-17,7197.6900000000005,4955.8705851699415,2241.819414830059,1.3421660283694516
2025-01-18,4692.9,4749.911472412625,-57.01147241262515,-0.03383681303198838
2025-01-19,4978.52,2604.7623546849313,2373.757645315069,1.421139815020895
2025-01-20,2492.9300000000003,2081.563218911851,411.3667810881493,0.246518654281546
2025-01-21,1183.02,4293.732749660415,-3110.712749660415,-1.8616796776822477
2025-01-22,4317.639999999999,4687.108918245029,-369.4689182450293,-0.22086332971417713
2025-01-23,5633.33,4693.2298703124225,940.1001296875775,0.5630006513061954
2025-01-24,5363.98,4445.820357293441,918.1596427065588,0.5498678138299145
2025-01-25,6020.49,4109.828552864532,1910.6614471354678,1.1439460083456912
2025-01-26,6023.3,1853.039713694628,4170.260286305373,2.4964658654520613
2025-01-27,2505.41,1239.4888845199134,1265.9211154800864,0.7580261334879044
2025-01-28,1640.0,3385.147291658188,-1745.147291658188,-1.044298129192397
2025-01-29,638.08,3737.9999276967,-3099.9199276967,-1.8552194575019698
2025-01-30,608.5699999999999,3731.270757490629,-3122.7007574906293,-1.8688552959187432
2025-01-31,721.31,3499.8621820088974,-2778.5521820088975,-1.6628595350495667
2025-02-01,803.04,3209.355270399496,-2406.315270399496,-1.4400510410052805
2025-02-02,1155.04,1027.595918846299,127.44408115370106,0.07657207664670068
2025-02-03,1403.28,518.0944924213202,885.1855075786798,0.5301306057209968
2025-02-04,1806.3899999999999,2795.709497665726,-989.319497665726,-0.5918850361217466
2025-02-05,2007.82,3306.7353139414604,-1298.9153139414605,-0.7771986776103457
2025-02-06,2043.97,3482.149900734422,-1438.1799007344218,-0.8605577747049387
2025-02-07,2523.3399999999997,3454.08877825936,-930.7487782593603,-0.5568265736774939
2025-02-08,1938.27,3384.891184347749,-1446.621184347749,-0.8656104431293418
2025-02-09,6023.95,1438.742684037401,4585.207315962599,2.744839199483724
2025-02-10,6045.35,1175.1406688016805,4870.20933119832,2.9154318189520776
2025-02-11,6026.83,3704.651950639382,2322.178049360618,1.390266003908677
2025-02-12,5596.5,4469.08094719843,1127.4190528015697,0.675123457678555
2025-02-13,4784.7699999999995,4894.802687818641,-110.03268781864153,-0.06557352905495104
2025-02-14,2291.69,5109.32513769588,-2817.6351376958796,-1.6862532776576444
2025-02-15,4297.860000000001,5270.424860509467,-972.5648605094666,-0.5818562739097878
2025-02-16,4163.5599999999995,3537.878392799734,625.6816072002657,0.3748003001047587
2025-02-17,3486.36,3467.0138690557233,19.346130944276865,0.011868279832726302
2025-02-18,4774.400000000001,6164.550265079344,-1390.1502650793436,-0.8318088504149344
2025-02-19,6011.5,7068.841015233466,-1057.3410152334664,-0.6326004284409763
2025-02-20,7039.79,7603.2746364840805,-563.4846364840805,-0.3369946123826844
2025-02-21,9725.85,7892.895429481692,1832.9545705183082,1.0974332858940223
2025-02-22,11883.539999999999,8093.587062262093,3789.952937737906,2.2688266793167315
2025-02-23,5409.82,6363.8404286558325,-954.0204286558328,-0.5707562007968057
2025-02-24,4136.360000000001,6258.329595877935,-2121.969595877935,-1.2698512850105401
2025-02-25,9347.93,8883.762755824111,464.1672441758892,0.2781232353924192
2025-02-26,11830.61,9679.124764720695,2151.485235279306,1.2880950271369098
2025-02-27,10743.59,10069.064010928967,674.5259890710331,0.40403690407317305
2025-02-28,11046.39,10180.487071388528,865.902928611471,0.518588702575502
2025-03-01,11748.529999999999,10171.704614577684,1576.8253854223149,0.9441229713277137
2025-03-02,7925.84,8204.150842680725,-278.3108426807248,-0.1662991720420046
2025-03-03,6201.39,7835.901417969986,-1634.5114179699858,-0.978075216754286
2025-03-04,8578.15,10177.458108689812,-1599.3081086898128,-0.9570036999824053
2025-03-05,8898.189999999999,10671.918229179124,-1773.7282291791253,-1.0614057169914706
2025-03-06,9476.79,10748.283229825984,-1271.4932298259828,-0.7607847404784565
2025-03-07,11087.039999999999,10537.971602763531,549.0683972364677,0.32894220972320987
2025-03-08,11077.67,10203.88131501203,873.7886849879706,0.5233088510826756
2025-03-09,5910.83,7912.025825346316,-2001.1958253463163,-1.1975601685388966
2025-03-10,4137.0,7224.970355927157,-3087.9703559271566,-1.848066845798486
2025-03-11,7027.45,9257.538314684878,-2230.0883146848782,-1.3345675132083787
2025-03-12,8650.55,9456.907490634321,-806.357490634322,-0.48237013315918487
2025-03-13,8223.18,9255.851784709868,-1032.671784709868,-0.6178342568691416
2025-03-14,5448.18,8789.194879072706,-3341.0148790727053,-1.9995307854826188
2025-03-15,7132.08,8222.822093075929,-1090.742093075929,-0.6525931900974137
2025-03-16,7194.849999999999,5725.275308498,1469.574691501999,0.8799263136285294
2025-03-17,8039.120000000001,4861.1582272566375,3177.9617727433633,1.902509354010945
2025-03-18,6559.960000000001,6746.822213395984,-186.86221339598342,-0.11156109868637759
2025-03-19,14977.470000000001,6830.452456596683,8147.017543403318,4.876818990032684
2025-03-20,13076.08,6545.310098559876,6530.769901440124,3.9093875186306075
2025-03-21,10645.3,6026.196374262341,4619.103625737658,2.765128390316482
2025-03-22,7048.21,5438.484456849051,1609.7255431509493,0.9638158990538833
2025-03-23,3228.01,2949.7431294411294,278.2668705588708,0.16684952503200925
2025-03-24,4139.45,2123.1786216966207,2016.2713783033792,1.2071605606529985
2025-03-25,986.5899999999999,4073.363792681692,-3086.7737926816917,-1.8473506232895518
2025-03-26,1077.56,4246.373212939658,-3168.8132129396577,-1.8964566606272044
2025-03-27,987.1899999999999,4073.0785216107815,-3085.8885216107815,-1.8468207298051103
2025-03-28,622.3,3685.668795124555,-3063.3687951245547,-1.8333411790453766
2025-03-29,1003.5699999999999,3246.7402847047274,-2243.1702847047272,-1.3423979404130661
2025-03-30,1009.59,920.978330338366,88.61166966163398,0.05332830136593408
2025-03-31,855.91,268.656520306301,587.253479693699,0.3517985156184732
2025-04-01,551.76,2401.4210845103225,-1849.6610845103226,-1.1068565699756039
2025-04-02,780.59,2762.477982907419,-1981.887982907419,-1.1860031435290574
2025-04-03,554.22,2779.9360966414224,-2225.716096641422,-1.33195045055953
2025-04-04,304.24,2583.3704327776945,-2279.1304327776943,-1.3639224754278922
2025-04-05,331.7,2332.949030649777,-2001.2490306497768,-1.1975920154438366
2025-04-06,521.5,191.14587435395651,330.3541256460435,0.1980272038245184
2025-04-07,977.1199999999999,-283.7354510202781,1260.855451020278,0.7549939971402659
2025-04-08,6652.91,2018.2404687485434,4634.669531251457,2.7744456177536265
2025-04-09,3357.93,2538.839146587572,819.0908534124278,0.49056856901837825
2025-04-10,3379.43,2705.0040803745205,674.4259196254793,0.4039770058691844
2025-04-11,3365.54,2645.418482699576,720.1215173004239,0.4313288535362733
2025-04-12,3363.24,2519.6249901208275,843.6150098791722,0.505247904139758
2025-04-13,962.8,489.7262193075894,473.07378069241054,0.2834543885545723
2025-04-14,875.71,113.8915640086584,761.8184359913416,0.4562872264704415
2025-04-15,2119.53,2502.138790066444,-382.6087900664438,-0.22872841498959015
2025-04-16,2705.08,3096.5086754838335,-391.42867548383356,-0.23400770171855875
2025-04-17,3125.48,3324.387061265168,-198.90706126516807,-0.11877073945822463
2025-04-18,2714.56,3315.0394145124915,-600.4794145124915,-0.3591384420861241
2025-04-19,3336.84,3228.702692404635,108.1373075953652,0.06501569143281095
2025-04-20,735.9100000000001,1228.2582595578265,-492.3482595578264,-0.2944147700285844
2025-04-21,978.1800000000001,872.7118773178927,105.46812268210738,0.06341800712934575
2025-04-22,4264.49,3272.9499552842462,991.5400447157535,0.5937908541145095
2025-04-23,4452.59,3871.890846474191,580.6991535258089,0.34787531644773906
2025-04-24,8352.19,4097.786004167498,4254.403995832503,2.546831459562493
2025-04-25,5414.2300000000005,4080.73637134293,1333.4936286570705,0.7984727668823646
2025-04-26,5551.69,3981.7691593008703,1569.9208406991293,0.9399901431103748
2025-04-27,1692.87,1964.4987596191881,-271.62875961918826,-0.1622995018921994
2025-04-28,4690.49,1588.5979016425797,3101.89209835742,1.856976605742938
2025-04-29,3567.3999999999996,3965.5481609459607,-398.1481609459611,-0.2380297596872218
2025-04-30,1009.4100000000001,4538.7884450447555,-3529.3784450447556,-2.1122788799302845
2025-05-01,439.12,4737.016038207764,-4297.896038207764,-2.572287659927009
2025-05-02,530.86,4690.70527952498,-4159.8452795249805,-2.4896551195086145
2025-05-03,540.6700000000001,4561.18868256192,-4020.5186825619203,-2.4062589052120886
2025-05-04,617.64,2512.323857049544,-1894.6838570495443,-1.1338056871488325
2025-05-05,843.3,2103.9719402579767,-1260.6719402579768,-0.7543074805478385
2025-05-06,3474.98,4447.756234448648,-972.7762344486478,-0.5819827952396193
2025-05-07,5932.110000000001,4987.219272303801,944.8907276962,0.5658681421287949
2025-05-08,4426.36,5151.132513940707,-724.7725139407075,-0.433536110452654
2025-05-09,6155.26,5070.023400608125,1085.2365993918756,0.6498744599940658
2025-05-10,7902.11,4905.264268907777,2996.845731092223,1.794099383830724
2025-05-11,5787.92,2820.7462315782773,2967.173768421723,1.7763387450768495
2025-05-12,2435.56,2376.3635353396394,59.19646466036056,0.035721349116085904
2025-05-13,8252.04,4683.776953878115,3568.263046121886,2.136130567364144
2025-05-14,5272.96,5186.574361602239,86.38563839776089,0.05199587393025971
2025-05-15,5004.61,5313.582674909334,-308.9726749093343,-0.18465231341629082
2025-05-16,6305.68,5195.3959261735,1110.2840738265004,0.6648670356477333
2025-05-17,5525.12,4993.464065948105,531.6559340518952,0.31851969497854854
2025-05-18,2789.5899999999997,2871.765736098039,-82.17573609803912,-0.04889929480264038
2025-05-19,3823.15,2390.2906970956938,1432.8593029043063,0.8579497170402611
2025-05-20,6891.5,4660.800668435107,2230.6993315648933,1.3355099205824879
2025-05-21,5886.68,5126.986945791459,759.6930542085411,0.45501504442850615
2025-05-22,5291.43,5217.779206576536,73.65079342346417,0.044373224101303746
2025-05-23,3280.51,5063.870493413532,-1783.360493413532,-1.0671712663536381
2025-05-24,3110.3500000000004,4826.803178351761,-1716.4531783517605,-1.0271227981751174
2025-05-25,1521.4,2670.6393424162393,-1149.2393424162392,-0.6876076758314996
2025-05-26,1709.3000000000002,2155.4414124012737,-446.14141240127356,-0.26675690561913223
2025-05-27,3832.92,4393.031938820124,-560.1119388201241,-0.33497582901129935
2025-05-28,3809.77,4827.150963158429,-1017.3809631584286,-0.6086816854386352
2025-05-29,3959.04,4886.76542751737,-927.72542751737,-0.5550168976223224
2025-05-30,3662.64,4702.595611328422,-1039.955611328422,-0.622194110470825
2025-05-31,1861.89,4436.203353106882,-2574.3133531068816,-1.5406090422215537
2025-06-01,1612.29,2251.6653996561267,-639.3753996561268,-0.38242027041623916
2025-06-02,1654.14,1709.0575982994567,-54.917598299456586,-0.032583490421244844
2025-06-03,3020.55,3920.218657024556,-899.6686570245556,-0.5382230585744372
2025-06-04,5797.0,4328.91173280876,1468.0882671912404,0.8790365900362102
2025-06-05,5747.82,4364.138099609002,1383.6819003909977,0.8285137781173162
2025-06-06,6251.33,4156.667666272754,2094.662333727246,1.2540827496674298
2025-06-07,4014.07,3868.1308885272742,145.93911147272593,0.08764257966282679
2025-06-08,3007.1,1662.6952116410228,1344.4047883589772,0.8050038200520984
2025-06-09,1672.49,1100.5515706440578,571.9384293559422,0.34263144165148124
2025-06-10,1782.3500000000001,3293.6795082164704,-1511.3295082164702,-0.9043426691490131
2025-06-11,5895.9400000000005,3686.0090408931273,2209.930959106873,1.3230786714322749
2025-06-12,3533.34,3706.7334299843133,-173.39342998431312,-0.10349913799691239
2025-06-13,2100.32,3486.8375783763004,-1386.5175783763002,-0.829634446350221
2025-06-14,1919.13,3188.1865934427974,-1269.0565934427973,-0.7593262519026627
2025-06-15,947.61,975.1976963706961,-27.587696370696108,-0.016224730445515013
2025-06-16,874.59,408.32109660443757,466.26890339556246,0.27938121790604226
2025-06-17,2857.9500000000003,2599.7985279409886,258.15147205901167,0.15480912412851885
2025-06-18,3276.1100000000006,2993.8177556605115,282.2922443394891,0.1692589783722144
2025-06-19,2250.2400000000002,3019.8174259655825,-769.5774259655823,-0.46035482365035113
2025-06-20,3697.15,2809.007223541479,888.142776458521,0.5319007273963369
2025-06-21,3695.8399999999997,2523.448143625847,1172.3918563741527,0.7020426651092015
2025-06-22,801.85,327.71633836315095,474.13366163684907,0.2840887976358092
2025-06-23,730.99,-217.62356173068565,948.6135617306857,0.5680965053537482
2025-06-24,3295.1899999999996,1999.7333218749025,1295.4566781250971,0.7757051277747228
2025-06-25,1201.8600000000001,2423.980902645078,-1222.1209026450779,-0.7312321262063328
2025-06-26,984.11,2484.5025385050058,-1500.3925385050056,-0.8977961669757507
2025-06-27,1174.87,2312.388230890785,-1137.5182308907852,-0.680591812745219
2025-06-28,1110.67,2069.5135749998,-958.8435749997998,-0.5736431739580867
2025-06-29,174.93,-79.79596739945327,254.72596739945328,0.1527587322658796
2025-06-30,319.58000000000004,-575.2895173317456,894.8695173317457,0.5359271282100263
2025-07-01,1345.05,1694.9650217156295,-349.91502171562956,-0.20915902500249117
2025-07-02,1538.0700000000002,2174.735523660561,-636.6655236605607,-0.38079822979966427
2025-07-03,1801.85,2292.9334473763065,-491.0834473763066,-0.2936576960022745
2025-07-04,1803.29,2180.1398851025147,-376.8498851025147,-0.22528132819529706
2025-07-05,1814.17,1997.6945922596196,-183.52459225961957,-0.10956331094451081
2025-07-06,774.64,-90.62870105697357,865.2687010569736,0.5182090752954239
2025-07-07,624.32,-525.1350465271403,1149.4550465271404,0.6883134622794844
2025-07-08,1595.01,1805.5595365613053,-210.54953656130533,-0.1257395335427891
2025-07-09,1839.3999999999999,2344.6946013809315,-505.2946013809317,-0.3021640147569403
2025-07-10,1530.4499999999998,2520.6846702558064,-990.2346702558066,-0.592432827649741
2025-07-11,1801.03,2463.6561245218727,-662.6261245218727,-0.3963373722167476
2025-07-12,1991.5500000000002,2334.5459883178155,-342.9959883178153,-0.2050175243518873
2025-07-13,1033.46,296.78559319783244,736.6744068021676,0.441236856388594
2025-07-14,1103.13,-90.20550210610008,1193.3355021061002,0.7145788269453734
2025-07-15,3179.05,2284.753071262603,894.2969287373971,0.5355843959380919
2025-07-16,2883.63,2864.7717207829073,18.858279217092786,0.011576268199111502
2025-07-17,2859.0,3078.2107821912846,-219.21078219128458,-0.13092386383131333
2025-07-18,2696.65,3055.215660323644,-358.5656603236439,-0.21433700628446448
2025-07-19,2636.4,2956.811643417901,-320.4116434179009,-0.191499295183344
2025-07-20,1231.45,946.5814698887002,284.86853011129983,0.1708010563745357
2025-07-21,1173.1200000000001,584.1511792044785,588.9688207955217,0.3528252611016574
2025-07-22,3369.8499999999995,2980.9528803165203,388.8971196834791,0.233069070795551
2025-07-23,4250.74,3580.382701005699,670.3572989943009,0.40154166641896455
2025-07-24,3420.5699999999997,3811.108266650099,-390.5382666500991,-0.23347473294211382
2025-07-25,4407.78,3803.590672573602,604.1893274263975,0.3619357443859564
2025-07-26,3400.24,3719.165776989498,-318.92577698949844,-0.19060990552063717
2025-07-27,927.2800000000001,1721.708315672951,-794.4283156729508,-0.4752297302989684
2025-07-28,645.72,1371.104800713064,-725.3848007130639,-0.433902604718583
2025-07-29,3255.08,3779.0042563008265,-523.9242563008265,-0.3133150995306666
2025-07-30,3983.8599999999997,4388.965456907601,-405.10545690760136,-0.242194163021462
2025-07-31,4994.96,4629.755383728997,365.20461627100303,0.2188875352174453
2025-08-01,5722.87,4631.864186810505,1091.0058131894948,0.6533277173094388
2025-08-02,5515.84,4556.581745952551,959.2582540474496,0.5744680601101224
2025-08-03,2422.25,2567.6595346461245,-145.40953464612448,-0.08674891956522353
2025-08-04,2364.28,2224.7838790159603,139.49612098403986,0.08378602228457258
2025-08-05,4530.61,4639.329717609376,-108.71971760937595,-0.06478762925316446
2025-08-06,5300.0199999999995,5254.513500070884,45.50649992911531,0.027526996728784642
2025-08-07,5703.81,5498.699832372629,205.11016762737108,0.12306038349056898
2025-08-08,5924.1,5501.926968899885,422.1730311001156,0.25298691203981677
2025-08-09,5541.37,5424.995983824323,116.37401617567684,0.06994590812391284
2025-08-10,1553.6,3431.1469960160643,-1877.5469960160644,-1.1235481385811545
2025-08-11,1287.83,3079.548151671614,-1791.7181516716141,-1.0721738794533677
2025-08-12,4835.33,5481.066033696012,-645.7360336960119,-0.3862275319945341
2025-08-13,5506.87,6078.435663431624,-571.5656634316238,-0.34183164328520477
2025-08-14,6311.74,6299.5842068398915,12.15579316010826,0.007564385502543827
2025-08-15,6368.06,6274.172981975771,93.88701802422929,0.056485947444467596
2025-08-16,6045.969999999999,6162.702103224534,-116.73210322453451,-0.06958357376306537
2025-08-17,2275.08,4128.200660849732,-1853.1206608497323,-1.1089273559997046
2025-08-18,1386.08,3729.7276999931773,-2343.6476999931774,-1.4025403413616682
2025-08-19,8179.01,6078.152277344452,2100.857722655548,1.2577911010804197
2025-08-20,8999.35,6616.330430930542,2383.019569069458,1.4266836910291771
2025-08-21,9575.18,6772.432917355387,2802.7470826446133,1.6779184619289664
2025-08-22,8551.66,6676.488135095375,1875.1718649046252,1.122703138215143
2025-08-23,8916.199999999999,6489.484477482637,2426.715522517362,1.452838618925669
2025-08-24,2868.96,4375.055012196464,-1506.0950121964643,-0.901209475908569
2025-08-25,2650.2599999999998,3892.969840194068,-1242.7098401940684,-0.7435559716558032
2025-08-26,8687.24,6154.904591086649,2532.335408913351,1.5160591300976312
2025-08-27,8811.380000000001,6604.603154067601,2206.7768459323997,1.3211907253835846
2025-08-28,6400.9,6671.188840610027,-270.28884061002736,-0.16149747144529486
2025-08-29,5554.6,6485.688809129437,-931.0888091294364,-0.557030104718418
2025-08-30,5561.959999999999,6210.116464427609,-648.1564644276095,-0.38767632041241046
2025-08-31,1755.94,4009.1352430357465,-2253.1952430357464,-1.3483985432520853
2025-09-01,980.21,3443.5296825905834,-2463.3196825905834,-1.4741719646376565
2025-09-02,5258.17,5625.952792008352,-367.78279200835186,-0.219854071266544
2025-09-03,4948.85,6001.068380895359,-1052.2183808953587,-0.6295341918405314
2025-09-04,4487.55,5998.843086360654,-1511.2930863606534,-0.9043208682512736
2025-09-05,6009.21,5751.053437950011,258.1565620499887,0.1548121708259014
2025-09-06,5743.949999999999,5420.353135058743,323.5968649412562,0.19398253486627673
2025-09-07,1886.8399999999997,3171.9243499273603,-1285.0843499273606,-0.7689199277952388
2025-09-08,1836.95,2566.9392833768497,-729.9892833768497,-0.43665869315628114
2025-09-09,5978.129999999999,4718.301236616801,1259.8287633831978,0.7543794564562626
2025-09-10,5775.37,5070.784014839608,704.5859851603918,0.4220298065789706
2025-09-11,5898.38,5054.324464030166,844.0555359698337,0.5055115882392824
2025-09-12,5616.7300000000005,4800.533447372531,816.1965526274698,0.4888361379265247
2025-09-13,5338.94,4471.770307857329,867.169692142671,0.5193469446140914
2025-09-14,5245.7699999999995,2232.8044091857832,3012.9655908142163,1.8037481896230718
2025-09-15,535.33,1644.2896760677909,-1108.959676067791,-0.6634976224762283
2025-09-16,419.68,3818.5210161845052,-3398.8410161845054,-2.0341435660114833
2025-09-17,433.19000000000005,4199.590989363768,-3766.400989363768,-2.2541526020335882
2025-09-18,5024.53,4216.701028035285,807.8289719647146,0.48382758560912603
2025-09-19,5021.8099999999995,4000.6919767943014,1021.1180232056981,0.611495237099328
2025-09-20,5002.82,3713.138438890304,1289.6815611096958,0.7722483369917568
2025-09-21,1754.3600000000001,1518.0299574781907,236.33004252180945,0.14174755043327136
2025-09-22,1932.6899999999998,975.264400183416,957.4255998165838,0.5733710949340532
2025-09-23,5037.46,3196.421902830847,1841.038097169153,1.1022718130348543
2025-09-24,5003.499999999999,3624.937258616116,1378.562741383883,0.825449621733101
2025-09-25,5000.990000000001,3689.424629748979,1311.5653702510217,0.7853472490197176
2025-09-26,4845.83,3520.2189961132663,1325.6110038867337,0.7937544928492996
2025-09-27,4339.54,3278.4785542947166,1061.0614457052834,0.6354040261971861
2025-09-28,1670.21,1127.8709089103963,542.3390910896037,0.32491427342301016
2025-09-29,3011.62,628.0683321914576,2383.5516678085423,1.4270021874357415
2025-09-30,1806.21,2890.520451749107,-1084.310451749107,-0.6487434259456899
2025-10-01,459.97,3358.622351682642,-2898.652351682642,-1.7347474567061638
2025-10-02,400.76,3461.0321561886485,-3060.2721561886483,-1.8314876351425833
2025-10-03,426.23,3328.202787700284,-2901.972787700284,-1.7367349580140339
2025-10-04,496.78999999999996,3121.4724683315217,-2624.6824683315217,-1.5707583002868621
2025-10-05,522.99,1004.7372279128945,-481.74722791289446,-0.2880693490817181
2025-10-06,698.0,537.9311692872825,160.0688307127175,0.09610015430667247
2025-10-07,917.97,2832.783363430883,-1914.813363430883,-1.1458545325556178
2025-10-08,2034.54,3332.9698949628073,-1298.4298949628073,-0.7769081221381692
2025-10-09,3890.78,3467.4156663464237,423.3643336535765,0.25369998567547564
2025-10-10,4273.5199999999995,3366.8111846451734,906.7088153548261,0.5430137337582479
2025-10-11,3811.3300000000004,3192.6893980913956,618.6406019086048,0.3705857911813691
2025-10-12,3413.26,1109.0863044658095,2304.1736955341908,1.3794892033357233
2025-10-13,1346.25,676.0114809381384,670.2385190618616,0.4014705687469065
2025-10-14,4388.63,3005.197736272512,1383.4322637274881,0.8283643540077772
2025-10-15,3914.86,3540.2486529206294,374.6113470793707,0.22451808785724284
2025-10-16,3954.4300000000003,3709.9387862190206,244.4912137809797,0.14663255302485023
2025-10-17,4451.1,3644.731805469742,806.3681945302583,0.48295321337425584
2025-10-18,4451.45,3505.861613172845,945.5883868271549,0.5662857374168394
2025-10-19,1339.44,1457.0000337433207,-117.56003374332067,-0.07007914512181772
2025-10-20,1211.76,1057.7369999698035,154.0230000301965,0.09248132342879126
2025-10-21,4354.57,3419.3421307699264,935.2278692300733,0.5600842800886436
2025-10-22,4448.650000000001,3984.926084805094,463.72391519490657,0.2778578735770316
2025-10-23,4240.76,4182.7560093388665,58.003990661133685,0.03500757429239645
2025-10-24,4465.17,4142.789871507548,322.38012849245206,0.1932542373564067
2025-10-25,4089.9500000000003,4025.774175923275,64.17582407672535,0.03870182616783418
2025-10-26,1494.6000000000001,1994.9281098579822,-500.3281098579821,-0.2991912399933423
2025-10-27,1338.34,1609.4394939842082,-271.09949398420827,-0.1619827012864523
2025-10-28,4441.83,3980.240899670571,461.58910032942913,0.27658004520911444
2025-10-29,4321.08,4550.183819001575,-229.10381900157518,-0.13684550288557917
2025-10-30,4032.44,4747.364760504218,-714.9247605042178,-0.42764157650271056
2025-10-31,4175.44,4701.667676613086,-526.2276766130863,-0.3146938494475049
2025-11-01,3894.7900000000004,4573.866924854618,-679.076924854618,-0.4061842679265648
2025-11-02,1231.8799999999999,2527.3135914071113,-1295.4335914071114,-0.7751146356189045
2025-11-03,1220.57,2121.4304396440057,-900.8604396440057,-0.5389364195614489
2025-11-04,4438.12,4467.483831353834,-29.36383135383403,-0.01728786510107973
2025-11-05,2082.77,5008.75059722357,-2925.9805972235704,-1.7511052252238546
2025-11-06,5054.16,5173.833921945208,-119.67392194520835,-0.07134444749283783
2025-11-07,4784.17,5093.192939601246,-309.0229396012455,-0.1846824001700733
2025-11-08,4347.56,4928.230620056854,-580.6706200568533,-0.34728156405000704
2025-11-09,1643.98,2842.9632319102157,-1198.9832319102156,-0.7173826948056748
2025-11-10,1880.37,2397.4971661568543,-517.1271661568544,-0.3092465900099051
2025-11-11,7305.5,4703.782038547599,2601.717961452401,1.5575891921684126
2025-11-12,7110.66,5205.758648674588,1904.9013513254122,1.1404982087509643
2025-11-13,7068.76,5332.656475148221,1736.1035248517792,1.0394615078178668
2025-11-14,6651.4400000000005,5215.506009020581,1435.9339909794198,0.8597901218961633
2025-11-15,5889.079999999999,5016.211086269077,872.868913730922,0.5227583069473233
2025-11-16,2271.4500000000003,2899.205038940966,-627.7550389409657,-0.3754647133759604
2025-11-17,2044.67,2424.9169194199967,-380.24691941999663,-0.22731467866885013
2025-11-18,4322.17,4705.517106149896,-383.3471061498958,-0.22917034616178739
2025-11-19,7318.8,5185.061165073226,2133.738834926774,1.2774726288364326
2025-11-20,6691.900000000001,5292.786837085647,1399.1131629143538,0.8377504127894811
2025-11-21,5892.32,5159.629530991902,732.6904690080974,0.4388522052361195
2025-11-22,4839.549999999999,4947.301441808184,-107.75144180818461,-0.0642080519292763
2025-11-23,1500.79,2819.957953356269,-1319.1679533562692,-0.7893212263090372
2025-11-24,1208.3200000000002,2337.677302127754,-1129.3573021277539,-0.6757069553036719
2025-11-25,5237.38,4612.22242208538,625.1575779146206,0.374486633801584
2025-11-26,5944.6,5087.203355471024,857.3966445289761,0.5134971270567305
2025-11-27,4897.44,5191.394522382955,-293.9545223829555,-0.17566295249218913
2025-11-28,3458.78,5055.271579728452,-1596.4915797284516,-0.9553178204880807
2025-11-29,3052.34,4840.112287406952,-1787.7722874069523,-1.0698120178348858
2025-11-30,1120.34,2709.6843066144,-1589.3443066144002,-0.951039703220828
2025-12-01,948.9399999999999,2223.74516327723,-1274.80516327723,-0.7627671524360905
2025-12-02,3975.7,4493.822565572447,-518.1225655724475,-0.3098424026169944
2025-12-03,5910.19,4963.392766422183,946.7972335778168,0.5670093124187938
2025-12-04,6099.4800000000005,5061.210628458785,1038.2693715412152,0.6217614572786837
2025-12-05,5824.009999999999,4917.855567791749,906.15443220825,0.5426818986549582
2025-12-06,4000.15,4694.837339766189,-694.6873397661889,-0.41552813719201603
2025-12-07,918.37,2556.2842543452966,-1637.9142543452967,-0.9801120401444868
2025-12-08,902.1700000000001,2062.4388475403216,-1160.2688475403215,-0.6942095665900637
2025-12-09,5047.65,4325.429132689839,722.2208673101604,0.4325854538345051
2025-12-10,5788.71,4789.43320435264,999.2767956473599,0.5984218129745911
2025-12-11,5801.670000000001,4883.991084232004,917.6789157679968,0.5495800668551063
2025-12-12,5349.530000000001,4740.528364089193,609.0016359108076,0.36481623036906885
2025-12-13,5047.74,4521.43612810549,526.3038718945099,0.31531613060294
2025-12-14,855.38,2391.7303907490063,-1536.3503907490062,-0.9193193277845844
2025-12-15,878.2600000000001,1912.516839019428,-1034.2568390194278,-0.6187830170610433
2025-12-16,6261.129999999999,4196.729860415229,2064.40013958477,1.2359688182085418
2025-12-17,6228.6,4689.264559724925,1539.3354402750756,0.921682751243295
2025-12-18,6089.55,4820.256632111839,1269.293367888161,0.7600446503440961
2025-12-19,5211.330000000001,4721.575646334797,489.7543536652038,0.2934388184376672
2025-12-20,4956.07,4555.877211797997,400.1927882020027,0.2398302780088663
2025-12-21,855.28,2488.238220114923,-1632.958220114923,-0.977145524764464
2025-12-22,844.47,2079.601839515285,-1235.131839515285,-0.7390200353570462
2025-12-23,6128.09,4442.502040023774,1685.5879599762266,1.0092245899177719
2025-12-24,6063.96,5021.187030791811,1042.7729692081894,0.6244571593508437
2025-12-25,5115.91,5244.8970134744195,-128.98701347441965,-0.07691895080995528
2025-12-26,5598.95,5244.3621812843685,354.58781871563133,0.21253267732692094
2025-12-27,5997.92,5180.866635869994,817.0533641300062,0.48934899647065605
2025-12-28,834.59,3217.9024236026426,-2383.3124236026424,-1.4262823106787286
2025-12-29,851.9599999999999,2914.6401861772674,-2062.6801861772674,-1.2343626387313065
2025-12-30,6742.389999999999,5381.685824994407,1360.7041750055923,0.8147600846226273
2025-12-31,4929.72,6061.241991326105,-1131.5219913261044,-0.6770026654423389
