方案ID,日期,原始消费额,最优比例 r*,最优消费额,注册数预测
63563817,2025-01-01,0.0,0.3,0.0,0.0
63563817,2025-01-02,0.0,0.3,0.0,0.0
63563817,2025-01-03,0.0,0.3,0.0,0.0
63563817,2025-01-04,0.0,0.3,0.0,0.0
63563817,2025-01-05,0.0,0.3,0.0,0.0
63563817,2025-01-06,0.0,0.3,0.0,0.0
63563817,2025-01-07,0.0,0.3,0.0,0.0
63563817,2025-01-08,0.0,0.3,0.0,0.0
63563817,2025-01-09,0.0,0.3,0.0,0.0
63563817,2025-01-10,0.0,0.3,0.0,0.0
63563817,2025-01-11,0.0,0.3,0.0,0.0
63563817,2025-01-12,0.0,0.3,0.0,0.0
63563817,2025-01-13,0.0,0.3,0.0,0.0
63563817,2025-01-14,0.0,0.3,0.0,0.0
63563817,2025-01-15,0.0,0.3,0.0,0.0
63563817,2025-01-16,0.0,0.3,0.0,0.0
63563817,2025-01-17,0.0,0.3,0.0,0.0
63563817,2025-01-18,0.0,0.3,0.0,0.0
63563817,2025-01-19,0.0,0.3,0.0,0.0
63563817,2025-01-20,0.0,0.3,0.0,0.0
63563817,2025-01-21,0.0,0.3,0.0,0.0
63563817,2025-01-22,0.0,0.3,0.0,0.0
63563817,2025-01-23,0.0,0.3,0.0,0.0
63563817,2025-01-24,0.0,0.3,0.0,0.0
63563817,2025-01-25,0.0,0.3,0.0,0.0
63563817,2025-01-26,0.0,0.3,0.0,0.0
63563817,2025-01-27,0.0,0.3,0.0,0.0
63563817,2025-01-28,0.0,0.3,0.0,0.0
63563817,2025-01-29,0.0,0.3,0.0,0.0
63563817,2025-01-30,0.0,0.3,0.0,0.0
63563817,2025-01-31,0.0,0.3,0.0,0.0
63563817,2025-02-01,0.0,0.3,0.0,0.0
63563817,2025-02-02,0.0,0.3,0.0,0.0
63563817,2025-02-03,0.0,0.3,0.0,0.0
63563817,2025-02-04,0.0,0.3,0.0,0.0
63563817,2025-02-05,0.0,0.3,0.0,0.0
63563817,2025-02-06,0.0,0.3,0.0,0.0
63563817,2025-02-07,0.0,0.3,0.0,0.0
63563817,2025-02-08,0.0,0.3,0.0,0.0
63563817,2025-02-09,0.0,0.3,0.0,0.0
63563817,2025-02-10,0.0,0.3,0.0,0.0
63563817,2025-02-11,0.0,0.3,0.0,0.0
63563817,2025-02-12,0.0,0.3,0.0,0.0
63563817,2025-02-13,0.0,0.3,0.0,0.0
63563817,2025-02-14,0.0,0.3,0.0,0.0
63563817,2025-02-15,0.0,0.3,0.0,0.0
63563817,2025-02-16,0.0,0.3,0.0,0.0
63563817,2025-02-17,0.0,0.3,0.0,0.0
63563817,2025-02-18,0.0,0.3,0.0,0.0
63563817,2025-02-19,0.0,0.3,0.0,0.0
63563817,2025-02-20,0.0,0.3,0.0,0.0
63563817,2025-02-21,0.0,0.3,0.0,0.0
63563817,2025-02-22,0.0,0.3,0.0,0.0
63563817,2025-02-23,0.0,0.3,0.0,0.0
63563817,2025-02-24,0.0,0.3,0.0,0.0
63563817,2025-02-25,0.0,0.3,0.0,0.0
63563817,2025-02-26,0.0,0.3,0.0,0.0
63563817,2025-02-27,0.0,0.3,0.0,0.0
63563817,2025-02-28,0.0,0.3,0.0,0.0
63563817,2025-03-01,0.0,0.3,0.0,0.0
63563817,2025-03-02,0.0,0.3,0.0,0.0
63563817,2025-03-03,0.0,0.3,0.0,0.0
63563817,2025-03-04,0.0,0.3,0.0,0.0
63563817,2025-03-05,0.0,0.3,0.0,0.0
63563817,2025-03-06,0.0,0.3,0.0,0.0
63563817,2025-03-07,0.0,0.3,0.0,0.0
63563817,2025-03-08,0.0,0.3,0.0,0.0
63563817,2025-03-09,0.0,0.3,0.0,0.0
63563817,2025-03-10,0.0,0.3,0.0,0.0
63563817,2025-03-11,0.0,0.3,0.0,0.0
63563817,2025-03-12,0.0,0.3,0.0,0.0
63563817,2025-03-13,0.0,0.3,0.0,0.0
63563817,2025-03-14,0.0,0.3,0.0,0.0
63563817,2025-03-15,0.0,0.3,0.0,0.0
63563817,2025-03-16,0.0,0.3,0.0,0.0
63563817,2025-03-17,0.0,0.3,0.0,0.0
63563817,2025-03-18,0.0,0.3,0.0,0.0
63563817,2025-03-19,0.0,0.3,0.0,0.0
63563817,2025-03-20,0.0,0.3,0.0,0.0
63563817,2025-03-21,0.0,0.3,0.0,0.0
63563817,2025-03-22,0.0,0.3,0.0,0.0
63563817,2025-03-23,0.0,0.3,0.0,0.0
63563817,2025-03-24,0.0,0.3,0.0,0.0
63563817,2025-03-25,0.0,0.3,0.0,0.0
63563817,2025-03-26,0.0,0.3,0.0,0.0
63563817,2025-03-27,0.0,0.3,0.0,0.0
63563817,2025-03-28,0.0,0.3,0.0,0.0
63563817,2025-03-29,0.0,0.3,0.0,0.0
63563817,2025-03-30,0.0,0.3,0.0,0.0
63563817,2025-03-31,0.0,0.3,0.0,0.0
63563817,2025-04-01,0.0,0.3,0.0,0.0
63563817,2025-04-02,0.0,0.3,0.0,0.0
63563817,2025-04-03,0.0,0.3,0.0,0.0
63563817,2025-04-04,0.0,0.3,0.0,0.0
63563817,2025-04-05,0.0,0.3,0.0,0.0
63563817,2025-04-06,0.0,0.3,0.0,0.0
63563817,2025-04-07,0.0,0.3,0.0,0.0
63563817,2025-04-08,0.0,0.3,0.0,0.0
63563817,2025-04-09,0.0,0.3,0.0,0.0
63563817,2025-04-10,0.0,0.3,0.0,0.0
63563817,2025-04-11,0.0,0.3,0.0,0.0
63563817,2025-04-12,0.0,0.3,0.0,0.0
63563817,2025-04-13,0.0,0.3,0.0,0.0
63563817,2025-04-14,0.0,0.3,0.0,0.0
63563817,2025-04-15,0.0,0.3,0.0,0.0
63563817,2025-04-16,0.0,0.3,0.0,0.0
63563817,2025-04-17,0.0,0.3,0.0,0.0
63563817,2025-04-18,0.0,0.3,0.0,0.0
63563817,2025-04-19,0.0,0.3,0.0,0.0
63563817,2025-04-20,0.0,0.3,0.0,0.0
63563817,2025-04-21,0.0,0.3,0.0,0.0
63563817,2025-04-22,0.0,0.3,0.0,0.0
63563817,2025-04-23,0.0,0.3,0.0,0.0
63563817,2025-04-24,0.0,0.3,0.0,0.0
63563817,2025-04-25,0.0,0.3,0.0,0.0
63563817,2025-04-26,0.0,0.3,0.0,0.0
63563817,2025-04-27,0.0,0.3,0.0,0.0
63563817,2025-04-28,0.0,0.3,0.0,0.0
63563817,2025-04-29,0.0,0.3,0.0,0.0
63563817,2025-04-30,0.0,0.3,0.0,0.0
63563817,2025-05-01,0.0,0.3,0.0,0.0
63563817,2025-05-02,0.0,0.3,0.0,0.0
63563817,2025-05-03,0.0,0.3,0.0,0.0
63563817,2025-05-04,0.0,0.3,0.0,0.0
63563817,2025-05-05,0.0,0.3,0.0,0.0
63563817,2025-05-06,0.0,0.3,0.0,0.0
63563817,2025-05-07,0.0,0.3,0.0,0.0
63563817,2025-05-08,0.0,0.3,0.0,0.0
63563817,2025-05-09,0.0,0.3,0.0,0.0
63563817,2025-05-10,0.0,0.3,0.0,0.0
63563817,2025-05-11,0.0,0.3,0.0,0.0
63563817,2025-05-12,0.0,0.3,0.0,0.0
63563817,2025-05-13,0.0,0.3,0.0,0.0
63563817,2025-05-14,0.0,0.3,0.0,0.0
63563817,2025-05-15,0.0,0.3,0.0,0.0
63563817,2025-05-16,0.0,0.3,0.0,0.0
63563817,2025-05-17,0.0,0.3,0.0,0.0
63563817,2025-05-18,0.0,0.3,0.0,0.0
63563817,2025-05-19,0.0,0.3,0.0,0.0
63563817,2025-05-20,0.0,0.3,0.0,0.0
63563817,2025-05-21,73.14,0.3,21.94,1.14
63563817,2025-05-22,141.69,0.3,42.51,2.36
63563817,2025-05-23,0.0,0.3,0.0,0.0
63563817,2025-05-24,0.0,0.3,0.0,0.0
63563817,2025-05-25,0.0,0.3,0.0,0.0
63563817,2025-05-26,0.0,0.3,0.0,0.0
63563817,2025-05-27,0.0,0.3,0.0,0.0
63563817,2025-05-28,0.0,0.3,0.0,0.0
63563817,2025-05-29,0.0,0.3,0.0,0.0
63563817,2025-05-30,0.0,0.3,0.0,0.0
63563817,2025-05-31,0.0,0.3,0.0,0.0
63563817,2025-06-01,0.0,0.3,0.0,0.0
63563817,2025-06-02,0.0,0.3,0.0,0.0
63563817,2025-06-03,0.0,0.3,0.0,0.0
63563817,2025-06-04,0.0,0.3,0.0,0.0
63563817,2025-06-05,0.0,0.3,0.0,0.0
63563817,2025-06-06,0.0,0.3,0.0,0.0
63563817,2025-06-07,0.0,0.3,0.0,0.0
63563817,2025-06-08,0.0,0.3,0.0,0.0
63563817,2025-06-09,0.0,0.3,0.0,0.0
63563817,2025-06-10,0.0,0.3,0.0,0.0
63563817,2025-06-11,0.0,0.3,0.0,0.0
63563817,2025-06-12,0.0,0.3,0.0,0.0
63563817,2025-06-13,0.0,0.3,0.0,0.0
63563817,2025-06-14,0.0,0.3,0.0,0.0
63563817,2025-06-15,0.0,0.3,0.0,0.0
63563817,2025-06-16,0.0,0.3,0.0,0.0
63563817,2025-06-17,0.0,0.3,0.0,0.0
63563817,2025-06-18,0.0,0.3,0.0,0.0
63563817,2025-06-19,0.0,0.3,0.0,0.0
63563817,2025-06-20,0.0,0.3,0.0,0.0
63563817,2025-06-21,0.0,0.3,0.0,0.0
63563817,2025-06-22,0.0,0.3,0.0,0.0
63563817,2025-06-23,0.0,0.3,0.0,0.0
63563817,2025-06-24,0.0,0.3,0.0,0.0
63563817,2025-06-25,0.0,0.3,0.0,0.0
63563817,2025-06-26,0.0,0.3,0.0,0.0
63563817,2025-06-27,0.0,0.3,0.0,0.0
63563817,2025-06-28,0.0,0.3,0.0,0.0
63563817,2025-06-29,0.0,0.3,0.0,0.0
63563817,2025-06-30,0.0,0.3,0.0,0.0
63563817,2025-07-01,0.0,0.3,0.0,0.0
63563817,2025-07-02,0.0,0.3,0.0,0.0
63563817,2025-07-03,0.0,0.3,0.0,0.0
63563817,2025-07-04,2.72,2.0,5.44,0.44
63563817,2025-07-05,9.46,2.0,18.92,1.42
63563817,2025-07-06,9.48,2.0,18.96,1.4
63563817,2025-07-07,8.87,2.0,17.74,1.48
63563817,2025-07-08,19.19,2.0,38.38,2.86
63563817,2025-07-09,19.2,2.0,38.4,2.59
63563817,2025-07-10,24.3,2.0,48.6,3.91
63563817,2025-07-11,65.49,2.0,130.98,9.38
63563817,2025-07-12,90.41,2.0,180.82,11.62
63563817,2025-07-13,39.62,2.0,79.24,5.98
63563817,2025-07-14,54.51,2.0,109.02,8.1
63563817,2025-07-15,152.61,2.0,305.22,19.97
63563817,2025-07-16,138.51,2.0,277.02,17.0
63563817,2025-07-17,156.26,0.3,46.88,2.72
63563817,2025-07-18,130.24,2.0,260.48,17.97
63563817,2025-07-19,316.99,0.3,95.1,5.7
63563817,2025-07-20,100.19,0.3,30.06,1.73
63563817,2025-07-21,78.28,2.0,156.56,10.01
63563817,2025-07-22,94.08,0.3,28.22,1.26
63563817,2025-07-23,227.05,2.0,454.1,27.78
63563817,2025-07-24,159.86,2.0,319.72,23.93
63563817,2025-07-25,166.36,2.0,332.72,20.46
63563817,2025-07-26,110.71,2.0,221.42,13.81
63563817,2025-07-27,71.59,2.0,143.18,9.11
63563817,2025-07-28,49.38,0.3,14.81,0.83
63563817,2025-07-29,117.34,2.0,234.68,14.56
63563817,2025-07-30,130.42,0.3,39.13,2.14
63563817,2025-07-31,202.24,2.0,404.48,27.21
63563817,2025-08-01,241.41,0.3,72.42,4.34
63563817,2025-08-02,188.52,0.3,56.56,3.23
63563817,2025-08-03,57.88,2.0,115.76,8.41
63563817,2025-08-04,29.21,2.0,58.42,4.67
63563817,2025-08-05,130.12,2.0,260.24,15.97
63563817,2025-08-06,129.33,0.3,38.8,2.22
63563817,2025-08-07,135.88,0.3,40.76,2.13
63563817,2025-08-08,113.69,0.3,34.11,1.55
63563817,2025-08-09,141.96,0.3,42.59,2.14
63563817,2025-08-10,54.78,2.0,109.56,9.31
63563817,2025-08-11,30.75,2.0,61.5,4.39
63563817,2025-08-12,86.49,0.3,25.95,1.44
63563817,2025-08-13,97.99,0.3,29.4,1.6
63563817,2025-08-14,99.9,0.3,29.97,1.47
63563817,2025-08-15,84.18,0.3,25.25,1.19
63563817,2025-08-16,115.87,0.3,34.76,1.67
63563817,2025-08-17,75.47,0.3,22.64,1.21
63563817,2025-08-18,45.85,0.3,13.76,0.72
63563817,2025-08-19,95.35,0.3,28.6,1.31
63563817,2025-08-20,106.21,0.3,31.86,1.25
63563817,2025-08-21,140.22,0.3,42.07,1.67
63563817,2025-08-22,108.74,0.3,32.62,1.24
63563817,2025-08-23,78.76,0.3,23.63,0.86
63563817,2025-08-24,45.72,0.3,13.72,0.81
63563817,2025-08-25,46.02,2.0,92.04,5.73
63563817,2025-08-26,104.97,0.3,31.49,1.31
63563817,2025-08-27,99.34,0.3,29.8,1.2
63563817,2025-08-28,120.87,0.3,36.26,1.71
63563817,2025-08-29,79.62,0.3,23.89,1.2
63563817,2025-08-30,132.08,0.3,39.62,2.04
63563817,2025-08-31,44.72,2.0,89.44,6.06
63563817,2025-09-01,21.07,2.0,42.14,2.92
63563817,2025-09-02,98.89,2.0,197.78,13.09
63563817,2025-09-03,91.22,0.3,27.37,1.63
63563817,2025-09-04,105.66,0.3,31.7,1.89
63563817,2025-09-05,53.97,0.3,16.19,0.88
63563817,2025-09-06,71.08,0.3,21.32,1.24
63563817,2025-09-07,33.22,2.0,66.44,4.33
63563817,2025-09-08,16.07,2.0,32.14,2.08
63563817,2025-09-09,84.82,0.3,25.45,1.26
63563817,2025-09-10,95.09,2.0,190.18,11.95
63563817,2025-09-11,87.87,0.3,26.36,1.56
63563817,2025-09-12,75.53,0.3,22.66,1.28
63563817,2025-09-13,72.07,0.3,21.62,1.25
63563817,2025-09-14,79.97,0.3,23.99,1.29
63563817,2025-09-15,15.44,2.0,30.88,16.09
63563817,2025-09-16,23.63,2.0,47.26,28.38
63563817,2025-09-17,11.34,2.0,22.68,13.87
63563817,2025-09-18,88.56,0.3,26.57,1.57
63563817,2025-09-19,79.55,2.0,159.1,10.2
63563817,2025-09-20,67.85,2.0,135.7,9.95
63563817,2025-09-21,31.33,2.0,62.66,5.04
63563817,2025-09-22,27.16,2.0,54.32,4.69
63563817,2025-09-23,41.11,0.3,12.33,0.74
63563817,2025-09-24,79.07,2.0,158.14,10.9
63563817,2025-09-25,84.38,2.0,168.76,12.79
63563817,2025-09-26,91.76,2.0,183.52,12.88
63563817,2025-09-27,65.78,2.0,131.56,9.09
63563817,2025-09-28,41.26,2.0,82.52,6.92
63563817,2025-09-29,33.92,2.0,67.84,5.11
63563817,2025-09-30,38.82,2.0,77.64,6.92
63563817,2025-10-01,33.15,2.0,66.3,6.77
63563817,2025-10-02,18.0,2.0,36.0,4.04
63563817,2025-10-03,12.31,2.0,24.62,2.37
63563817,2025-10-04,27.8,2.0,55.6,5.82
63563817,2025-10-05,20.63,2.0,41.26,4.81
63563817,2025-10-06,23.37,2.0,46.74,4.55
63563817,2025-10-07,30.15,2.0,60.3,4.99
63563817,2025-10-08,32.78,2.0,65.56,5.22
63563817,2025-10-09,61.47,2.0,122.94,9.51
63563817,2025-10-10,69.71,2.0,139.42,10.67
63563817,2025-10-11,64.63,2.0,129.26,9.09
63563817,2025-10-12,0.0,0.3,0.0,0.0
63563817,2025-10-13,0.0,0.3,0.0,0.0
63563817,2025-10-14,0.0,0.3,0.0,0.0
63563817,2025-10-15,0.0,0.3,0.0,0.0
63563817,2025-10-16,0.0,0.3,0.0,0.0
63563817,2025-10-17,32.47,2.0,64.94,4.0
63563817,2025-10-18,87.22,2.0,174.44,10.7
63563817,2025-10-19,40.57,2.0,81.14,7.57
63563817,2025-10-20,56.33,2.0,112.66,10.23
63563817,2025-10-21,99.33,2.0,198.66,12.82
63563817,2025-10-22,108.75,0.3,32.62,1.98
63563817,2025-10-23,90.39,2.0,180.78,11.13
63563817,2025-10-24,62.93,0.3,18.88,1.13
63563817,2025-10-25,69.87,2.0,139.74,8.51
63563817,2025-10-26,49.07,2.0,98.14,7.09
63563817,2025-10-27,36.7,2.0,73.4,7.29
63563817,2025-10-28,86.85,0.3,26.05,1.58
63563817,2025-10-29,85.87,0.3,25.76,1.54
63563817,2025-10-30,94.79,2.0,189.58,11.94
63563817,2025-10-31,82.09,2.0,164.18,10.58
63563817,2025-11-01,80.62,0.3,24.19,1.33
63563817,2025-11-02,34.73,2.0,69.46,5.3
63563817,2025-11-03,40.39,2.0,80.78,7.08
63563817,2025-11-04,100.96,2.0,201.92,14.74
63563817,2025-11-05,26.32,2.0,52.64,3.51
63563817,2025-11-06,84.96,2.0,169.92,10.49
63563817,2025-11-07,86.9,2.0,173.8,11.15
63563817,2025-11-08,90.97,2.0,181.94,11.51
63563817,2025-11-09,40.96,2.0,81.92,5.63
63563817,2025-11-10,22.64,2.0,45.28,3.59
63563817,2025-11-11,105.09,0.3,31.53,1.71
63563817,2025-11-12,97.81,0.3,29.34,1.59
63563817,2025-11-13,98.35,0.3,29.5,1.41
63563817,2025-11-14,123.05,0.3,36.92,1.86
63563817,2025-11-15,127.48,0.3,38.24,2.2
63563817,2025-11-16,60.96,0.3,18.29,0.98
63563817,2025-11-17,55.52,2.0,111.04,8.47
63563817,2025-11-18,97.4,2.0,194.8,13.21
63563817,2025-11-19,142.49,0.3,42.75,2.52
63563817,2025-11-20,142.1,0.3,42.63,2.4
63563817,2025-11-21,171.49,0.3,51.45,2.88
63563817,2025-11-22,119.65,0.3,35.9,2.07
63563817,2025-11-23,73.61,2.0,147.22,12.56
63563817,2025-11-24,78.19,2.0,156.38,10.87
63563817,2025-11-25,123.25,2.0,246.5,17.41
63563817,2025-11-26,167.59,0.3,50.28,2.82
63563817,2025-11-27,151.63,2.0,303.26,19.01
63563817,2025-11-28,156.27,2.0,312.54,19.52
63563817,2025-11-29,78.27,2.0,156.54,9.64
63563817,2025-11-30,54.7,2.0,109.4,8.2
63563817,2025-12-01,53.5,2.0,107.0,10.37
63563817,2025-12-02,123.81,2.0,247.62,17.07
63563817,2025-12-03,141.63,2.0,283.26,17.35
63563817,2025-12-04,131.15,2.0,262.3,17.67
63563817,2025-12-05,123.87,0.3,37.16,2.23
63563817,2025-12-06,94.15,0.3,28.24,1.56
63563817,2025-12-07,53.54,2.0,107.08,10.61
63563817,2025-12-08,60.05,2.0,120.1,11.58
63563817,2025-12-09,96.0,2.0,192.0,11.72
63563817,2025-12-10,125.28,0.3,37.58,1.95
63563817,2025-12-11,116.99,2.0,233.98,15.0
63563817,2025-12-12,140.25,0.3,42.08,2.23
63563817,2025-12-13,101.96,0.3,30.59,1.45
63563817,2025-12-14,59.17,2.0,118.34,11.07
63563817,2025-12-15,58.02,2.0,116.04,10.83
63563817,2025-12-16,136.7,0.3,41.01,2.21
63563817,2025-12-17,126.85,0.3,38.06,2.08
63563817,2025-12-18,143.26,0.3,42.98,2.27
63563817,2025-12-19,121.57,0.3,36.47,1.97
63563817,2025-12-20,114.36,0.3,34.31,1.72
63563817,2025-12-21,74.53,2.0,149.06,13.07
63563817,2025-12-22,50.84,2.0,101.68,8.43
63563817,2025-12-23,131.32,0.3,39.4,2.03
63563817,2025-12-24,120.89,0.3,36.27,1.88
63563817,2025-12-25,124.23,0.3,37.27,1.81
63563817,2025-12-26,133.12,0.3,39.94,2.08
63563817,2025-12-27,111.3,0.3,33.39,1.5
63563817,2025-12-28,35.09,2.0,70.18,6.64
63563817,2025-12-29,44.6,2.0,89.2,6.91
63563817,2025-12-30,59.87,0.3,17.96,0.8
63563817,2025-12-31,75.54,0.3,22.66,0.96
495403620,2025-01-01,104.6,2.0,209.2,22.76
495403620,2025-01-02,397.18,2.0,794.36,67.73
495403620,2025-01-03,235.95,2.0,471.9,41.93
495403620,2025-01-04,139.26,2.0,278.52,28.76
495403620,2025-01-05,107.27,2.0,214.54,22.28
495403620,2025-01-06,109.59,2.0,219.18,33.57
495403620,2025-01-07,116.02,2.0,232.04,45.1
495403620,2025-01-08,148.5,2.0,297.0,27.72
495403620,2025-01-09,409.68,2.0,819.36,73.56
495403620,2025-01-10,678.28,2.0,1356.56,83.06
495403620,2025-01-11,828.73,0.3,248.62,11.75
495403620,2025-01-12,843.88,0.3,253.16,13.71
495403620,2025-01-13,175.27,2.0,350.54,26.74
495403620,2025-01-14,226.4,2.0,452.8,32.72
495403620,2025-01-15,1178.2,0.3,353.46,14.54
495403620,2025-01-16,947.11,0.3,284.13,9.09
495403620,2025-01-17,808.93,0.3,242.68,9.85
495403620,2025-01-18,111.8,2.0,223.6,16.82
495403620,2025-01-19,178.08,2.0,356.16,25.75
495403620,2025-01-20,151.44,2.0,302.88,41.92
495403620,2025-01-21,62.17,2.0,124.34,39.41
495403620,2025-01-22,190.16,2.0,380.32,27.13
495403620,2025-01-23,394.97,0.3,118.49,6.6
495403620,2025-01-24,837.34,0.3,251.2,14.42
495403620,2025-01-25,1394.82,0.3,418.45,22.59
495403620,2025-01-26,1259.87,0.3,377.96,21.02
495403620,2025-01-27,634.93,2.0,1269.86,94.78
495403620,2025-01-28,375.68,0.3,112.7,5.29
495403620,2025-01-29,137.78,2.0,275.56,17.27
495403620,2025-01-30,86.68,2.0,173.36,11.96
495403620,2025-01-31,148.51,0.3,44.55,2.47
495403620,2025-02-01,196.94,0.3,59.08,3.16
495403620,2025-02-02,235.81,0.3,70.74,3.43
495403620,2025-02-03,103.09,0.3,30.93,1.59
495403620,2025-02-04,146.31,0.3,43.89,2.24
495403620,2025-02-05,167.48,2.0,334.96,20.85
495403620,2025-02-06,170.26,0.3,51.08,2.75
495403620,2025-02-07,449.39,0.3,134.82,5.98
495403620,2025-02-08,383.3,2.0,766.6,47.86
495403620,2025-02-09,1309.49,0.3,392.85,18.59
495403620,2025-02-10,1130.5,0.3,339.15,18.46
495403620,2025-02-11,1309.49,0.3,392.85,20.99
495403620,2025-02-12,1449.05,0.3,434.72,22.76
495403620,2025-02-13,1439.11,0.3,431.73,23.19
495403620,2025-02-14,583.83,2.0,1167.66,83.56
495403620,2025-02-15,849.73,0.3,254.92,12.99
495403620,2025-02-16,651.73,0.3,195.52,10.19
495403620,2025-02-17,736.36,0.3,220.91,11.72
495403620,2025-02-18,634.14,0.3,190.24,9.24
495403620,2025-02-19,934.81,0.3,280.44,13.3
495403620,2025-02-20,1093.36,0.3,328.01,15.28
495403620,2025-02-21,1393.46,0.3,418.04,14.91
495403620,2025-02-22,453.83,0.3,136.15,4.85
495403620,2025-02-23,315.17,2.0,630.34,76.2
495403620,2025-02-24,232.16,2.0,464.32,36.48
495403620,2025-02-25,320.96,0.3,96.29,4.47
495403620,2025-02-26,570.75,2.0,1141.5,73.81
495403620,2025-02-27,321.13,2.0,642.26,44.42
495403620,2025-02-28,147.61,2.0,295.22,22.64
495403620,2025-03-01,664.13,2.0,1328.26,81.18
495403620,2025-03-02,173.94,2.0,347.88,27.52
495403620,2025-03-03,104.39,2.0,208.78,21.34
495403620,2025-03-04,81.58,2.0,163.16,12.72
495403620,2025-03-05,129.46,2.0,258.92,23.07
495403620,2025-03-06,105.76,2.0,211.52,19.55
495403620,2025-03-07,73.82,2.0,147.64,9.1
495403620,2025-03-08,0.0,0.3,0.0,0.0
495403620,2025-03-09,7.1,0.3,2.13,0.1
495403620,2025-03-10,269.05,2.0,538.1,41.62
495403620,2025-03-11,682.54,2.0,1365.08,108.0
495403620,2025-03-12,513.53,2.0,1027.06,73.97
495403620,2025-03-13,495.81,0.3,148.74,5.68
495403620,2025-03-14,277.9,2.0,555.8,47.34
495403620,2025-03-15,298.0,2.0,596.0,38.52
495403620,2025-03-16,640.68,0.3,192.2,6.06
495403620,2025-03-17,507.9,0.3,152.37,5.1
495403620,2025-03-18,206.39,2.0,412.78,34.55
495403620,2025-03-19,0.0,0.3,0.0,0.0
495403620,2025-03-20,60.47,0.3,18.14,0.35
495403620,2025-03-21,28.92,0.3,8.68,0.33
495403620,2025-03-22,578.96,0.3,173.69,2.93
495403620,2025-03-23,809.17,0.3,242.75,3.46
495403620,2025-03-24,237.34,0.3,71.2,1.15
495403620,2025-03-25,333.42,2.0,666.84,45.96
495403620,2025-03-26,444.84,0.3,133.45,5.33
495403620,2025-03-27,383.9,0.3,115.17,5.25
495403620,2025-03-28,191.78,2.0,383.56,33.9
495403620,2025-03-29,508.54,2.0,1017.08,61.82
495403620,2025-03-30,140.75,0.3,42.22,0.71
495403620,2025-03-31,0.0,0.3,0.0,0.0
495403620,2025-04-01,367.09,2.0,734.18,51.89
495403620,2025-04-02,695.36,0.3,208.61,10.69
495403620,2025-04-03,428.05,0.3,128.42,4.4
495403620,2025-04-04,115.36,2.0,230.72,18.96
495403620,2025-04-05,119.13,2.0,238.26,20.11
495403620,2025-04-06,217.88,2.0,435.76,37.6
495403620,2025-04-07,404.76,2.0,809.52,62.14
495403620,2025-04-08,373.46,0.3,112.04,2.96
495403620,2025-04-09,0.0,0.3,0.0,0.0
495403620,2025-04-10,0.0,0.3,0.0,0.0
495403620,2025-04-11,0.0,0.3,0.0,0.0
495403620,2025-04-12,0.0,0.3,0.0,0.0
495403620,2025-04-13,0.0,0.3,0.0,0.0
495403620,2025-04-14,0.0,0.3,0.0,0.0
495403620,2025-04-15,0.0,0.3,0.0,0.0
495403620,2025-04-16,52.02,2.0,104.04,13.5
495403620,2025-04-17,319.31,2.0,638.62,73.56
495403620,2025-04-18,579.74,2.0,1159.48,101.23
495403620,2025-04-19,239.05,0.3,71.72,4.13
495403620,2025-04-20,96.01,2.0,192.02,26.61
495403620,2025-04-21,170.39,2.0,340.78,54.35
495403620,2025-04-22,491.58,2.0,983.16,76.08
495403620,2025-04-23,380.63,2.0,761.26,57.62
495403620,2025-04-24,544.53,0.3,163.36,9.35
495403620,2025-04-25,1175.19,0.3,352.56,19.86
495403620,2025-04-26,640.43,0.3,192.13,9.59
495403620,2025-04-27,320.48,2.0,640.96,60.2
495403620,2025-04-28,728.03,0.3,218.41,9.73
495403620,2025-04-29,343.84,0.3,103.15,5.29
495403620,2025-04-30,120.85,2.0,241.7,23.94
495403620,2025-05-01,113.42,2.0,226.84,25.83
495403620,2025-05-02,92.16,2.0,184.32,17.71
495403620,2025-05-03,124.3,2.0,248.6,27.59
495403620,2025-05-04,139.85,2.0,279.7,34.42
495403620,2025-05-05,195.39,2.0,390.78,44.49
495403620,2025-05-06,546.03,2.0,1092.06,96.79
495403620,2025-05-07,765.77,2.0,1531.54,113.86
495403620,2025-05-08,727.65,0.3,218.3,13.22
495403620,2025-05-09,1004.98,0.3,301.49,13.32
495403620,2025-05-10,2063.92,0.3,619.18,25.31
495403620,2025-05-11,3140.26,0.3,942.08,43.78
495403620,2025-05-12,1141.8,2.0,2283.6,154.71
495403620,2025-05-13,3726.61,0.3,1117.98,43.76
495403620,2025-05-14,1628.66,0.3,488.6,25.02
495403620,2025-05-15,708.81,0.3,212.64,10.75
495403620,2025-05-16,1635.63,0.3,490.69,22.72
495403620,2025-05-17,1383.25,0.3,414.98,19.23
495403620,2025-05-18,655.07,0.3,196.52,10.64
495403620,2025-05-19,639.19,0.3,191.76,10.13
495403620,2025-05-20,1775.63,0.3,532.69,20.87
495403620,2025-05-21,1679.75,0.3,503.92,26.19
495403620,2025-05-22,1552.66,0.3,465.8,25.88
495403620,2025-05-23,1558.23,2.0,3116.46,256.5
495403620,2025-05-24,1205.63,2.0,2411.26,172.1
495403620,2025-05-25,543.35,2.0,1086.7,105.0
495403620,2025-05-26,545.72,2.0,1091.44,123.24
495403620,2025-05-27,1624.12,2.0,3248.24,280.51
495403620,2025-05-28,1584.24,2.0,3168.48,232.04
495403620,2025-05-29,1769.69,2.0,3539.38,251.21
495403620,2025-05-30,1545.1,2.0,3090.2,215.99
495403620,2025-05-31,126.98,0.3,38.09,1.45
495403620,2025-06-01,128.01,0.3,38.4,1.64
495403620,2025-06-02,125.4,0.3,37.62,1.46
495403620,2025-06-03,570.67,0.3,171.2,9.13
495403620,2025-06-04,0.0,0.3,0.0,0.0
495403620,2025-06-05,0.0,0.3,0.0,0.0
495403620,2025-06-06,0.0,0.3,0.0,0.0
495403620,2025-06-07,85.75,0.3,25.72,0.74
495403620,2025-06-08,1404.98,2.0,2809.96,180.35
495403620,2025-06-09,551.86,2.0,1103.72,82.49
495403620,2025-06-10,562.44,2.0,1124.88,88.99
495403620,2025-06-11,383.86,0.3,115.16,4.04
495403620,2025-06-12,294.69,0.3,88.41,3.45
495403620,2025-06-13,300.15,2.0,600.3,38.87
495403620,2025-06-14,311.77,0.3,93.53,4.48
495403620,2025-06-15,188.22,0.3,56.47,3.16
495403620,2025-06-16,147.58,2.0,295.16,18.9
495403620,2025-06-17,410.93,0.3,123.28,6.82
495403620,2025-06-18,328.61,0.3,98.58,4.48
495403620,2025-06-19,248.08,0.3,74.42,3.54
495403620,2025-06-20,197.71,0.3,59.31,2.42
495403620,2025-06-21,180.61,0.3,54.18,2.14
495403620,2025-06-22,147.23,0.3,44.17,2.48
495403620,2025-06-23,103.31,0.3,30.99,1.7
495403620,2025-06-24,202.41,0.3,60.72,3.13
495403620,2025-06-25,46.53,2.0,93.06,7.98
495403620,2025-06-26,0.0,0.3,0.0,0.0
495403620,2025-06-27,0.0,0.3,0.0,0.0
495403620,2025-06-28,0.0,0.3,0.0,0.0
495403620,2025-06-29,0.0,0.3,0.0,0.0
495403620,2025-06-30,0.0,0.3,0.0,0.0
495403620,2025-07-01,32.59,2.0,65.18,4.6
495403620,2025-07-02,47.51,2.0,95.02,6.92
495403620,2025-07-03,41.23,2.0,82.46,5.63
495403620,2025-07-04,25.68,2.0,51.36,4.19
495403620,2025-07-05,29.73,2.0,59.46,4.46
495403620,2025-07-06,12.18,2.0,24.36,1.79
495403620,2025-07-07,13.12,2.0,26.24,2.19
495403620,2025-07-08,31.68,2.0,63.36,4.73
495403620,2025-07-09,26.3,2.0,52.6,3.55
495403620,2025-07-10,34.39,2.0,68.78,5.53
495403620,2025-07-11,55.13,2.0,110.26,7.9
495403620,2025-07-12,230.5,2.0,461.0,29.63
495403620,2025-07-13,256.27,2.0,512.54,38.68
495403620,2025-07-14,273.82,2.0,547.64,40.71
495403620,2025-07-15,858.44,2.0,1716.88,112.33
495403620,2025-07-16,717.65,2.0,1435.3,88.1
495403620,2025-07-17,760.84,0.3,228.25,13.25
495403620,2025-07-18,756.85,2.0,1513.7,104.41
495403620,2025-07-19,699.68,0.3,209.9,12.58
495403620,2025-07-20,330.17,0.3,99.05,5.71
495403620,2025-07-21,280.94,2.0,561.88,35.92
495403620,2025-07-22,464.73,0.3,139.42,6.25
495403620,2025-07-23,919.34,2.0,1838.68,112.46
495403620,2025-07-24,1332.92,2.0,2665.84,199.52
495403620,2025-07-25,1212.89,2.0,2425.78,149.14
495403620,2025-07-26,1024.7,2.0,2049.4,127.78
495403620,2025-07-27,264.45,2.0,528.9,33.65
495403620,2025-07-28,182.41,0.3,54.72,3.05
495403620,2025-07-29,750.53,2.0,1501.06,93.15
495403620,2025-07-30,599.34,0.3,179.8,9.84
495403620,2025-07-31,705.66,2.0,1411.32,94.94
495403620,2025-08-01,739.69,0.3,221.91,13.3
495403620,2025-08-02,672.77,0.3,201.83,11.53
495403620,2025-08-03,212.41,2.0,424.82,30.87
495403620,2025-08-04,208.67,2.0,417.34,33.36
495403620,2025-08-05,750.39,2.0,1500.78,92.09
495403620,2025-08-06,776.18,0.3,232.85,13.31
495403620,2025-08-07,789.49,0.3,236.85,12.37
495403620,2025-08-08,717.65,0.3,215.3,9.81
495403620,2025-08-09,915.97,0.3,274.79,13.79
495403620,2025-08-10,544.18,2.0,1088.36,92.47
495403620,2025-08-11,426.84,2.0,853.68,60.99
495403620,2025-08-12,1041.67,0.3,312.5,17.32
495403620,2025-08-13,1089.47,0.3,326.84,17.81
495403620,2025-08-14,1142.2,0.3,342.66,16.78
495403620,2025-08-15,1087.72,0.3,326.32,15.32
495403620,2025-08-16,961.91,0.3,288.57,13.89
495403620,2025-08-17,345.6,0.3,103.68,5.56
495403620,2025-08-18,188.22,0.3,56.47,2.97
495403620,2025-08-19,1151.77,0.3,345.53,15.84
495403620,2025-08-20,1400.74,0.3,420.22,16.53
495403620,2025-08-21,1482.56,0.3,444.77,17.7
495403620,2025-08-22,1349.6,0.3,404.88,15.34
495403620,2025-08-23,1181.98,0.3,354.59,12.85
495403620,2025-08-24,973.98,0.3,292.19,17.31
495403620,2025-08-25,1043.18,2.0,2086.36,129.89
495403620,2025-08-26,1854.96,0.3,556.49,23.12
495403620,2025-08-27,2304.47,0.3,691.34,27.77
495403620,2025-08-28,1997.12,0.3,599.14,28.27
495403620,2025-08-29,1654.58,0.3,496.37,24.93
495403620,2025-08-30,1543.04,0.3,462.91,23.89
495403620,2025-08-31,534.49,2.0,1068.98,72.44
495403620,2025-09-01,274.42,2.0,548.84,38.07
495403620,2025-09-02,1398.39,2.0,2796.78,185.1
495403620,2025-09-03,1528.46,0.3,458.54,27.24
495403620,2025-09-04,1051.7,0.3,315.51,18.84
495403620,2025-09-05,694.73,0.3,208.42,11.27
495403620,2025-09-06,791.21,0.3,237.36,13.84
495403620,2025-09-07,236.35,2.0,472.7,30.81
495403620,2025-09-08,198.99,2.0,397.98,25.78
495403620,2025-09-09,949.96,0.3,284.99,14.16
495403620,2025-09-10,873.28,2.0,1746.56,109.78
495403620,2025-09-11,927.22,0.3,278.17,16.41
495403620,2025-09-12,860.56,0.3,258.17,14.57
495403620,2025-09-13,746.3,0.3,223.89,12.96
495403620,2025-09-14,647.14,0.3,194.14,10.44
495403620,2025-09-15,182.41,2.0,364.82,190.13
495403620,2025-09-16,129.64,2.0,259.28,155.69
495403620,2025-09-17,159.96,2.0,319.92,195.71
495403620,2025-09-18,721.74,0.3,216.52,12.8
495403620,2025-09-19,657.5,2.0,1315.0,84.32
495403620,2025-09-20,687.9,2.0,1375.8,100.93
495403620,2025-09-21,233.51,2.0,467.02,37.53
495403620,2025-09-22,226.28,2.0,452.56,39.1
495403620,2025-09-23,612.85,0.3,183.85,10.99
495403620,2025-09-24,716.89,2.0,1433.78,98.86
495403620,2025-09-25,705.64,2.0,1411.28,106.95
495403620,2025-09-26,682.12,2.0,1364.24,95.72
495403620,2025-09-27,633.28,2.0,1266.56,87.56
495403620,2025-09-28,259.01,2.0,518.02,43.42
495403620,2025-09-29,540.53,2.0,1081.06,81.48
495403620,2025-09-30,512.62,2.0,1025.24,91.39
495403620,2025-10-01,108.73,2.0,217.46,22.22
495403620,2025-10-02,102.94,2.0,205.88,23.12
495403620,2025-10-03,120.88,2.0,241.76,23.26
495403620,2025-10-04,125.13,2.0,250.26,26.2
495403620,2025-10-05,128.53,2.0,257.06,29.98
495403620,2025-10-06,148.93,2.0,297.86,29.02
495403620,2025-10-07,273.69,2.0,547.38,45.32
495403620,2025-10-08,492.37,2.0,984.74,78.41
495403620,2025-10-09,866.53,2.0,1733.06,134.07
495403620,2025-10-10,903.79,2.0,1807.58,138.31
495403620,2025-10-11,807.19,2.0,1614.38,113.52
495403620,2025-10-12,790.69,2.0,1581.38,104.71
495403620,2025-10-13,257.12,2.0,514.24,48.51
495403620,2025-10-14,986.36,2.0,1972.72,164.07
495403620,2025-10-15,906.43,2.0,1812.86,144.02
495403620,2025-10-16,837.65,2.0,1675.3,125.4
495403620,2025-10-17,753.76,2.0,1507.52,92.8
495403620,2025-10-18,670.53,2.0,1341.06,82.24
495403620,2025-10-19,236.88,2.0,473.76,44.21
495403620,2025-10-20,272.43,2.0,544.86,49.46
495403620,2025-10-21,990.8,2.0,1981.6,127.87
495403620,2025-10-22,887.71,0.3,266.31,16.16
495403620,2025-10-23,820.38,2.0,1640.76,100.98
495403620,2025-10-24,738.97,0.3,221.69,13.31
495403620,2025-10-25,824.38,2.0,1648.76,100.38
495403620,2025-10-26,243.49,2.0,486.98,35.19
495403620,2025-10-27,238.86,2.0,477.72,47.47
495403620,2025-10-28,884.83,0.3,265.45,16.08
495403620,2025-10-29,813.62,0.3,244.09,14.63
495403620,2025-10-30,817.66,2.0,1635.32,103.01
495403620,2025-10-31,855.07,2.0,1710.14,110.17
495403620,2025-11-01,823.91,0.3,247.17,13.58
495403620,2025-11-02,232.45,2.0,464.9,35.47
495403620,2025-11-03,221.99,2.0,443.98,38.92
495403620,2025-11-04,876.31,2.0,1752.62,127.95
495403620,2025-11-05,354.92,2.0,709.84,47.37
495403620,2025-11-06,822.54,2.0,1645.08,101.55
495403620,2025-11-07,872.81,2.0,1745.62,112.02
495403620,2025-11-08,736.04,2.0,1472.08,93.11
495403620,2025-11-09,226.18,2.0,452.36,31.09
495403620,2025-11-10,202.87,2.0,405.74,32.15
495403620,2025-11-11,1024.44,0.3,307.33,16.66
495403620,2025-11-12,937.0,0.3,281.1,15.26
495403620,2025-11-13,917.55,0.3,275.26,13.12
495403620,2025-11-14,915.44,0.3,274.63,13.83
495403620,2025-11-15,773.2,0.3,231.96,13.35
495403620,2025-11-16,283.82,0.3,85.15,4.57
495403620,2025-11-17,265.24,2.0,530.48,40.47
495403620,2025-11-18,1093.48,2.0,2186.96,148.25
495403620,2025-11-19,1052.47,0.3,315.74,18.59
495403620,2025-11-20,913.87,0.3,274.16,15.4
495403620,2025-11-21,1042.24,0.3,312.67,17.51
495403620,2025-11-22,811.31,0.3,243.39,14.03
495403620,2025-11-23,305.88,2.0,611.76,52.18
495403620,2025-11-24,235.93,2.0,471.86,32.8
495403620,2025-11-25,1094.13,2.0,2188.26,154.59
495403620,2025-11-26,932.01,0.3,279.6,15.71
495403620,2025-11-27,871.16,2.0,1742.32,109.22
495403620,2025-11-28,898.32,2.0,1796.64,112.2
495403620,2025-11-29,811.7,2.0,1623.4,99.99
495403620,2025-11-30,306.06,2.0,612.12,45.9
495403620,2025-12-01,270.27,2.0,540.54,52.41
495403620,2025-12-02,977.66,2.0,1955.32,134.76
495403620,2025-12-03,843.42,2.0,1686.84,103.32
495403620,2025-12-04,905.4,2.0,1810.8,122.02
495403620,2025-12-05,881.78,0.3,264.53,15.85
495403620,2025-12-06,788.48,0.3,236.54,13.07
495403620,2025-12-07,298.22,2.0,596.44,59.1
495403620,2025-12-08,261.4,2.0,522.8,50.42
495403620,2025-12-09,1034.17,2.0,2068.34,126.21
495403620,2025-12-10,939.9,0.3,281.97,14.61
495403620,2025-12-11,895.04,2.0,1790.08,114.78
495403620,2025-12-12,958.25,0.3,287.47,15.26
495403620,2025-12-13,789.11,0.3,236.73,11.26
495403620,2025-12-14,233.98,2.0,467.96,43.77
495403620,2025-12-15,260.5,2.0,521.0,48.64
495403620,2025-12-16,1057.69,0.3,317.31,17.08
495403620,2025-12-17,1037.7,0.3,311.31,16.99
495403620,2025-12-18,931.68,0.3,279.5,14.78
495403620,2025-12-19,861.85,0.3,258.56,13.99
495403620,2025-12-20,833.97,0.3,250.19,12.57
495403620,2025-12-21,260.4,2.0,520.8,45.67
495403620,2025-12-22,247.03,2.0,494.06,40.95
495403620,2025-12-23,1156.36,0.3,346.91,17.83
495403620,2025-12-24,1057.79,0.3,317.34,16.43
495403620,2025-12-25,946.54,0.3,283.96,13.77
495403620,2025-12-26,820.73,0.3,246.22,12.8
495403620,2025-12-27,858.09,0.3,257.43,11.59
495403620,2025-12-28,219.93,2.0,439.86,41.64
495403620,2025-12-29,239.51,2.0,479.02,37.11
495403620,2025-12-30,692.78,0.3,207.83,9.28
495403620,2025-12-31,727.69,0.3,218.31,9.21
495817671,2025-01-01,0.0,0.3,0.0,0.0
495817671,2025-01-02,0.0,0.3,0.0,0.0
495817671,2025-01-03,0.0,0.3,0.0,0.0
495817671,2025-01-04,0.0,0.3,0.0,0.0
495817671,2025-01-05,0.0,0.3,0.0,0.0
495817671,2025-01-06,0.0,0.3,0.0,0.0
495817671,2025-01-07,0.0,0.3,0.0,0.0
495817671,2025-01-08,0.0,0.3,0.0,0.0
495817671,2025-01-09,0.0,0.3,0.0,0.0
495817671,2025-01-10,0.0,0.3,0.0,0.0
495817671,2025-01-11,0.0,0.3,0.0,0.0
495817671,2025-01-12,0.0,0.3,0.0,0.0
495817671,2025-01-13,0.0,0.3,0.0,0.0
495817671,2025-01-14,0.0,0.3,0.0,0.0
495817671,2025-01-15,0.0,0.3,0.0,0.0
495817671,2025-01-16,5.32,0.3,1.6,0.05
495817671,2025-01-17,0.15,0.3,0.04,0.0
495817671,2025-01-18,0.3,2.0,0.6,0.05
495817671,2025-01-19,0.21,2.0,0.42,0.03
495817671,2025-01-20,4.77,2.0,9.54,1.32
495817671,2025-01-21,39.73,2.0,79.46,25.19
495817671,2025-01-22,37.84,2.0,75.68,5.4
495817671,2025-01-23,43.05,0.3,12.92,0.72
495817671,2025-01-24,22.14,0.3,6.64,0.38
495817671,2025-01-25,0.0,0.3,0.0,0.0
495817671,2025-01-26,0.0,0.3,0.0,0.0
495817671,2025-01-27,0.0,0.3,0.0,0.0
495817671,2025-01-28,0.0,0.3,0.0,0.0
495817671,2025-01-29,0.0,0.3,0.0,0.0
495817671,2025-01-30,0.0,0.3,0.0,0.0
495817671,2025-01-31,0.0,0.3,0.0,0.0
495817671,2025-02-01,0.0,0.3,0.0,0.0
495817671,2025-02-02,0.0,0.3,0.0,0.0
495817671,2025-02-03,0.0,0.3,0.0,0.0
495817671,2025-02-04,0.0,0.3,0.0,0.0
495817671,2025-02-05,0.0,0.3,0.0,0.0
495817671,2025-02-06,0.0,0.3,0.0,0.0
495817671,2025-02-07,0.0,0.3,0.0,0.0
495817671,2025-02-08,0.0,0.3,0.0,0.0
495817671,2025-02-09,0.0,0.3,0.0,0.0
495817671,2025-02-10,0.0,0.3,0.0,0.0
495817671,2025-02-11,0.0,0.3,0.0,0.0
495817671,2025-02-12,0.0,0.3,0.0,0.0
495817671,2025-02-13,0.0,0.3,0.0,0.0
495817671,2025-02-14,0.0,0.3,0.0,0.0
495817671,2025-02-15,0.0,0.3,0.0,0.0
495817671,2025-02-16,0.0,0.3,0.0,0.0
495817671,2025-02-17,0.0,0.3,0.0,0.0
495817671,2025-02-18,0.0,0.3,0.0,0.0
495817671,2025-02-19,0.0,0.3,0.0,0.0
495817671,2025-02-20,0.0,0.3,0.0,0.0
495817671,2025-02-21,1447.73,0.3,434.32,15.5
495817671,2025-02-22,6554.37,0.3,1966.31,69.99
495817671,2025-02-23,2160.53,2.0,4321.06,522.38
495817671,2025-02-24,1981.97,2.0,3963.94,311.45
495817671,2025-02-25,5097.73,0.3,1529.32,71.0
495817671,2025-02-26,5155.24,2.0,10310.48,666.7
495817671,2025-02-27,4541.64,2.0,9083.28,628.18
495817671,2025-02-28,4041.64,2.0,8083.28,619.8
495817671,2025-03-01,5201.82,2.0,10403.64,635.81
495817671,2025-03-02,2358.17,2.0,4716.34,373.1
495817671,2025-03-03,1508.15,2.0,3016.3,308.37
495817671,2025-03-04,3012.35,2.0,6024.7,469.86
495817671,2025-03-05,2496.82,2.0,4993.64,445.03
495817671,2025-03-06,2386.65,2.0,4773.3,441.23
495817671,2025-03-07,1746.06,2.0,3492.12,215.13
495817671,2025-03-08,2692.41,0.3,807.72,35.0
495817671,2025-03-09,1315.12,0.3,394.54,18.96
495817671,2025-03-10,1126.18,2.0,2252.36,174.22
495817671,2025-03-11,3430.87,2.0,6861.74,542.89
495817671,2025-03-12,3242.67,2.0,6485.34,467.06
495817671,2025-03-13,2473.16,0.3,741.95,28.33
495817671,2025-03-14,1890.48,2.0,3780.96,322.01
495817671,2025-03-15,2024.05,2.0,4048.1,261.66
495817671,2025-03-16,1019.89,0.3,305.97,9.65
495817671,2025-03-17,1059.53,0.3,317.86,10.64
495817671,2025-03-18,4401.88,2.0,8803.76,736.78
495817671,2025-03-19,3088.55,0.3,926.56,29.69
495817671,2025-03-20,4386.62,0.3,1315.99,25.66
495817671,2025-03-21,3517.26,0.3,1055.18,40.24
495817671,2025-03-22,1572.74,0.3,471.82,7.97
495817671,2025-03-23,0.0,0.3,0.0,0.0
495817671,2025-03-24,3902.11,0.3,1170.63,18.95
495817671,2025-03-25,653.17,2.0,1306.34,90.04
495817671,2025-03-26,632.72,0.3,189.82,7.57
495817671,2025-03-27,603.29,0.3,180.99,8.25
495817671,2025-03-28,430.52,2.0,861.04,76.1
495817671,2025-03-29,495.03,2.0,990.06,60.18
495817671,2025-03-30,868.84,0.3,260.65,4.39
495817671,2025-03-31,855.91,0.3,256.77,6.0
495817671,2025-04-01,184.67,2.0,369.34,26.11
495817671,2025-04-02,85.23,0.3,25.57,1.31
495817671,2025-04-03,126.17,0.3,37.85,1.3
495817671,2025-04-04,188.88,2.0,377.76,31.04
495817671,2025-04-05,212.57,2.0,425.14,35.89
495817671,2025-04-06,302.82,2.0,605.64,52.26
495817671,2025-04-07,571.3,2.0,1142.6,87.7
495817671,2025-04-08,326.0,0.3,97.8,2.59
495817671,2025-04-09,0.0,0.3,0.0,0.0
495817671,2025-04-10,0.0,0.3,0.0,0.0
495817671,2025-04-11,0.0,0.3,0.0,0.0
495817671,2025-04-12,0.0,0.3,0.0,0.0
495817671,2025-04-13,0.0,0.3,0.0,0.0
495817671,2025-04-14,0.0,0.3,0.0,0.0
495817671,2025-04-15,0.0,0.3,0.0,0.0
495817671,2025-04-16,218.54,2.0,437.08,56.71
495817671,2025-04-17,814.48,2.0,1628.96,187.63
495817671,2025-04-18,938.01,2.0,1876.02,163.79
495817671,2025-04-19,1236.44,0.3,370.93,21.34
495817671,2025-04-20,98.58,2.0,197.16,27.33
495817671,2025-04-21,238.96,2.0,477.92,76.22
495817671,2025-04-22,348.91,2.0,697.82,54.0
495817671,2025-04-23,226.98,2.0,453.96,34.36
495817671,2025-04-24,1715.45,0.3,514.64,29.45
495817671,2025-04-25,2347.48,0.3,704.24,39.67
495817671,2025-04-26,3372.51,0.3,1011.75,50.48
495817671,2025-04-27,734.24,2.0,1468.48,137.92
495817671,2025-04-28,2106.87,0.3,632.06,28.16
495817671,2025-04-29,1085.24,0.3,325.57,16.7
495817671,2025-04-30,198.64,2.0,397.28,39.36
495817671,2025-05-01,94.93,2.0,189.86,21.62
495817671,2025-05-02,114.0,2.0,228.0,21.9
495817671,2025-05-03,152.77,2.0,305.54,33.91
495817671,2025-05-04,175.57,2.0,351.14,43.21
495817671,2025-05-05,235.86,2.0,471.72,53.7
495817671,2025-05-06,800.38,2.0,1600.76,141.88
495817671,2025-05-07,778.67,2.0,1557.34,115.77
495817671,2025-05-08,660.37,0.3,198.11,11.99
495817671,2025-05-09,1583.92,0.3,475.18,21.0
495817671,2025-05-10,2989.38,0.3,896.81,36.66
495817671,2025-05-11,1435.37,0.3,430.61,20.01
495817671,2025-05-12,800.37,2.0,1600.74,108.44
495817671,2025-05-13,2256.29,0.3,676.89,26.49
495817671,2025-05-14,749.12,0.3,224.74,11.51
495817671,2025-05-15,1405.77,0.3,421.73,21.32
495817671,2025-05-16,1821.01,0.3,546.3,25.3
495817671,2025-05-17,1243.09,0.3,372.93,17.28
495817671,2025-05-18,1265.58,0.3,379.67,20.55
495817671,2025-05-19,940.14,0.3,282.04,14.9
495817671,2025-05-20,690.91,0.3,207.27,8.12
495817671,2025-05-21,880.39,0.3,264.12,13.73
495817671,2025-05-22,611.29,0.3,183.39,10.19
495817671,2025-05-23,335.03,2.0,670.06,55.15
495817671,2025-05-24,254.75,2.0,509.5,36.37
495817671,2025-05-25,114.92,2.0,229.84,22.21
495817671,2025-05-26,138.14,2.0,276.28,31.2
495817671,2025-05-27,458.45,2.0,916.9,79.18
495817671,2025-05-28,240.5,2.0,481.0,35.22
495817671,2025-05-29,334.44,2.0,668.88,47.47
495817671,2025-05-30,621.34,2.0,1242.68,86.86
495817671,2025-05-31,254.44,0.3,76.33,2.91
495817671,2025-06-01,269.59,0.3,80.88,3.46
495817671,2025-06-02,268.35,0.3,80.51,3.11
495817671,2025-06-03,150.43,0.3,45.13,2.41
495817671,2025-06-04,0.0,0.3,0.0,0.0
495817671,2025-06-05,0.0,0.3,0.0,0.0
495817671,2025-06-06,0.0,0.3,0.0,0.0
495817671,2025-06-07,160.46,0.3,48.14,1.39
495817671,2025-06-08,180.15,2.0,360.3,23.12
495817671,2025-06-09,117.42,2.0,234.84,17.55
495817671,2025-06-10,104.4,2.0,208.8,16.52
495817671,2025-06-11,543.65,0.3,163.1,5.73
495817671,2025-06-12,273.52,0.3,82.06,3.2
495817671,2025-06-13,629.88,2.0,1259.76,81.57
495817671,2025-06-14,819.37,0.3,245.81,11.78
495817671,2025-06-15,378.39,0.3,113.52,6.35
495817671,2025-06-16,411.03,2.0,822.06,52.64
495817671,2025-06-17,821.25,0.3,246.38,13.62
495817671,2025-06-18,481.9,0.3,144.57,6.58
495817671,2025-06-19,537.87,0.3,161.36,7.67
495817671,2025-06-20,264.46,0.3,79.34,3.24
495817671,2025-06-21,232.57,0.3,69.77,2.76
495817671,2025-06-22,312.71,0.3,93.81,5.26
495817671,2025-06-23,322.09,0.3,96.63,5.29
495817671,2025-06-24,310.6,0.3,93.18,4.81
495817671,2025-06-25,102.69,2.0,205.38,17.6
495817671,2025-06-26,0.0,0.3,0.0,0.0
495817671,2025-06-27,0.0,0.3,0.0,0.0
495817671,2025-06-28,0.0,0.3,0.0,0.0
495817671,2025-06-29,0.0,0.3,0.0,0.0
495817671,2025-06-30,146.97,0.3,44.09,0.14
495817671,2025-07-01,241.47,2.0,482.94,34.11
495817671,2025-07-02,305.13,2.0,610.26,44.44
495817671,2025-07-03,265.88,2.0,531.76,36.3
495817671,2025-07-04,356.23,2.0,712.46,58.08
495817671,2025-07-05,289.32,2.0,578.64,43.38
495817671,2025-07-06,202.33,2.0,404.66,29.78
495817671,2025-07-07,158.36,2.0,316.72,26.38
495817671,2025-07-08,333.7,2.0,667.4,49.79
495817671,2025-07-09,326.53,2.0,653.06,44.02
495817671,2025-07-10,269.92,2.0,539.84,43.39
495817671,2025-07-11,323.4,2.0,646.8,46.33
495817671,2025-07-12,294.33,2.0,588.66,37.83
495817671,2025-07-13,137.69,2.0,275.38,20.78
495817671,2025-07-14,121.87,2.0,243.74,18.12
495817671,2025-07-15,290.56,2.0,581.12,38.02
495817671,2025-07-16,304.07,2.0,608.14,37.33
495817671,2025-07-17,239.67,0.3,71.9,4.17
495817671,2025-07-18,272.03,2.0,544.06,37.53
495817671,2025-07-19,192.3,0.3,57.69,3.46
495817671,2025-07-20,111.47,0.3,33.44,1.93
495817671,2025-07-21,150.27,2.0,300.54,19.21
495817671,2025-07-22,172.76,0.3,51.83,2.32
495817671,2025-07-23,221.8,2.0,443.6,27.13
495817671,2025-07-24,184.26,2.0,368.52,27.58
495817671,2025-07-25,192.88,2.0,385.76,23.72
495817671,2025-07-26,138.7,2.0,277.4,17.3
495817671,2025-07-27,75.47,2.0,150.94,9.6
495817671,2025-07-28,62.69,0.3,18.81,1.05
495817671,2025-07-29,139.71,2.0,279.42,17.34
495817671,2025-07-30,108.66,0.3,32.6,1.78
495817671,2025-07-31,163.02,2.0,326.04,21.93
495817671,2025-08-01,148.9,0.3,44.67,2.68
495817671,2025-08-02,134.91,0.3,40.47,2.31
495817671,2025-08-03,62.99,2.0,125.98,9.15
495817671,2025-08-04,65.84,2.0,131.68,10.53
495817671,2025-08-05,166.31,2.0,332.62,20.41
495817671,2025-08-06,752.27,0.3,225.68,12.9
495817671,2025-08-07,791.21,0.3,237.36,12.4
495817671,2025-08-08,747.76,0.3,224.33,10.22
495817671,2025-08-09,1133.71,0.3,340.11,17.06
495817671,2025-08-10,468.15,2.0,936.3,79.55
495817671,2025-08-11,369.89,2.0,739.78,52.85
495817671,2025-08-12,493.97,0.3,148.19,8.21
495817671,2025-08-13,480.86,0.3,144.26,7.86
495817671,2025-08-14,635.02,0.3,190.51,9.33
495817671,2025-08-15,618.99,0.3,185.7,8.72
495817671,2025-08-16,602.53,0.3,180.76,8.7
495817671,2025-08-17,187.09,0.3,56.13,3.01
495817671,2025-08-18,3.51,0.3,1.05,0.06
495817671,2025-08-19,613.34,0.3,184.0,8.44
495817671,2025-08-20,717.7,0.3,215.31,8.47
495817671,2025-08-21,765.62,0.3,229.69,9.14
495817671,2025-08-22,676.5,0.3,202.95,7.69
495817671,2025-08-23,569.71,0.3,170.91,6.19
495817671,2025-08-24,732.72,0.3,219.82,13.03
495817671,2025-08-25,614.53,2.0,1229.06,76.52
495817671,2025-08-26,819.13,0.3,245.74,10.21
495817671,2025-08-27,904.38,0.3,271.31,10.9
495817671,2025-08-28,865.05,0.3,259.52,12.24
495817671,2025-08-29,631.05,0.3,189.31,9.51
495817671,2025-08-30,617.91,0.3,185.37,9.57
495817671,2025-08-31,205.93,2.0,411.86,27.91
495817671,2025-09-01,15.11,2.0,30.22,2.1
495817671,2025-09-02,449.93,2.0,899.86,59.56
495817671,2025-09-03,441.49,0.3,132.45,7.87
495817671,2025-09-04,193.91,0.3,58.17,3.47
495817671,2025-09-05,33.88,0.3,10.16,0.55
495817671,2025-09-06,26.86,0.3,8.06,0.47
495817671,2025-09-07,10.07,2.0,20.14,1.31
495817671,2025-09-08,10.65,2.0,21.3,1.38
495817671,2025-09-09,51.0,0.3,15.3,0.76
495817671,2025-09-10,45.85,2.0,91.7,5.76
495817671,2025-09-11,41.9,0.3,12.57,0.74
495817671,2025-09-12,44.93,0.3,13.48,0.76
495817671,2025-09-13,32.75,0.3,9.82,0.57
495817671,2025-09-14,34.42,0.3,10.33,0.56
495817671,2025-09-15,17.37,2.0,34.74,18.11
495817671,2025-09-16,9.42,2.0,18.84,11.31
495817671,2025-09-17,6.01,2.0,12.02,7.35
495817671,2025-09-18,30.51,0.3,9.15,0.54
495817671,2025-09-19,27.99,2.0,55.98,3.59
495817671,2025-09-20,20.88,2.0,41.76,3.06
495817671,2025-09-21,11.65,2.0,23.3,1.87
495817671,2025-09-22,16.68,2.0,33.36,2.88
495817671,2025-09-23,16.48,0.3,4.94,0.3
495817671,2025-09-24,22.93,2.0,45.86,3.16
495817671,2025-09-25,27.17,2.0,54.34,4.12
495817671,2025-09-26,24.86,2.0,49.72,3.49
495817671,2025-09-27,10.57,2.0,21.14,1.46
495817671,2025-09-28,9.64,2.0,19.28,1.62
495817671,2025-09-29,23.79,2.0,47.58,3.59
495817671,2025-09-30,18.03,2.0,36.06,3.21
495817671,2025-10-01,5.93,2.0,11.86,1.21
495817671,2025-10-02,2.89,2.0,5.78,0.65
495817671,2025-10-03,4.36,2.0,8.72,0.84
495817671,2025-10-04,6.19,2.0,12.38,1.3
495817671,2025-10-05,6.35,2.0,12.7,1.48
495817671,2025-10-06,4.71,2.0,9.42,0.92
495817671,2025-10-07,12.92,2.0,25.84,2.14
495817671,2025-10-08,15.62,2.0,31.24,2.49
495817671,2025-10-09,19.81,2.0,39.62,3.07
495817671,2025-10-10,20.53,2.0,41.06,3.14
495817671,2025-10-11,19.85,2.0,39.7,2.79
495817671,2025-10-12,24.14,2.0,48.28,3.2
495817671,2025-10-13,8.2,2.0,16.4,1.55
495817671,2025-10-14,23.51,2.0,47.02,3.91
495817671,2025-10-15,30.37,2.0,60.74,4.83
495817671,2025-10-16,19.33,2.0,38.66,2.89
495817671,2025-10-17,20.74,2.0,41.48,2.55
495817671,2025-10-18,12.54,2.0,25.08,1.54
495817671,2025-10-19,13.32,2.0,26.64,2.49
495817671,2025-10-20,11.33,2.0,22.66,2.06
495817671,2025-10-21,24.2,2.0,48.4,3.12
495817671,2025-10-22,22.02,0.3,6.61,0.4
495817671,2025-10-23,26.05,2.0,52.1,3.21
495817671,2025-10-24,18.83,0.3,5.65,0.34
495817671,2025-10-25,12.5,2.0,25.0,1.52
495817671,2025-10-26,8.94,2.0,17.88,1.29
495817671,2025-10-27,10.27,2.0,20.54,2.04
495817671,2025-10-28,12.51,0.3,3.75,0.23
495817671,2025-10-29,12.76,0.3,3.83,0.23
495817671,2025-10-30,19.68,2.0,39.36,2.48
495817671,2025-10-31,7.57,2.0,15.14,0.98
495817671,2025-11-01,9.81,0.3,2.94,0.16
495817671,2025-11-02,6.16,2.0,12.32,0.94
495817671,2025-11-03,2.47,2.0,4.94,0.43
495817671,2025-11-04,10.15,2.0,20.3,1.48
495817671,2025-11-05,9.39,2.0,18.78,1.25
495817671,2025-11-06,13.18,2.0,26.36,1.63
495817671,2025-11-07,9.08,2.0,18.16,1.17
495817671,2025-11-08,16.15,2.0,32.3,2.04
495817671,2025-11-09,10.31,2.0,20.62,1.42
495817671,2025-11-10,6.04,2.0,12.08,0.96
495817671,2025-11-11,46.38,0.3,13.91,0.75
495817671,2025-11-12,37.6,0.3,11.28,0.61
495817671,2025-11-13,26.86,0.3,8.06,0.38
495817671,2025-11-14,21.85,0.3,6.56,0.33
495817671,2025-11-15,26.39,0.3,7.92,0.46
495817671,2025-11-16,19.19,0.3,5.76,0.31
495817671,2025-11-17,11.45,2.0,22.9,1.75
495817671,2025-11-18,32.55,2.0,65.1,4.41
495817671,2025-11-19,44.43,0.3,13.33,0.78
495817671,2025-11-20,17.89,0.3,5.37,0.3
495817671,2025-11-21,14.59,0.3,4.38,0.25
495817671,2025-11-22,30.61,0.3,9.18,0.53
495817671,2025-11-23,15.55,2.0,31.1,2.65
495817671,2025-11-24,12.3,2.0,24.6,1.71
495817671,2025-11-25,30.17,2.0,60.34,4.26
495817671,2025-11-26,22.57,0.3,6.77,0.38
495817671,2025-11-27,15.63,2.0,31.26,1.96
495817671,2025-11-28,17.16,2.0,34.32,2.14
495817671,2025-11-29,12.8,2.0,25.6,1.58
495817671,2025-11-30,8.8,2.0,17.6,1.32
495817671,2025-12-01,8.48,2.0,16.96,1.64
495817671,2025-12-02,13.46,2.0,26.92,1.86
495817671,2025-12-03,18.08,2.0,36.16,2.21
495817671,2025-12-04,25.58,2.0,51.16,3.45
495817671,2025-12-05,19.8,0.3,5.94,0.36
495817671,2025-12-06,22.71,0.3,6.81,0.38
495817671,2025-12-07,9.87,2.0,19.74,1.96
495817671,2025-12-08,7.63,2.0,15.26,1.47
495817671,2025-12-09,12.46,2.0,24.92,1.52
495817671,2025-12-10,30.4,0.3,9.12,0.47
495817671,2025-12-11,31.74,2.0,63.48,4.07
495817671,2025-12-12,23.66,0.3,7.1,0.38
495817671,2025-12-13,18.68,0.3,5.6,0.27
495817671,2025-12-14,7.22,2.0,14.44,1.35
495817671,2025-12-15,8.91,2.0,17.82,1.66
495817671,2025-12-16,10.31,0.3,3.09,0.17
495817671,2025-12-17,7.84,0.3,2.35,0.13
495817671,2025-12-18,15.53,0.3,4.66,0.25
495817671,2025-12-19,17.43,0.3,5.23,0.28
495817671,2025-12-20,15.47,0.3,4.64,0.23
495817671,2025-12-21,1.94,2.0,3.88,0.34
495817671,2025-12-22,2.3,2.0,4.6,0.38
495817671,2025-12-23,13.37,0.3,4.01,0.21
495817671,2025-12-24,22.12,0.3,6.64,0.34
495817671,2025-12-25,6.19,0.3,1.86,0.09
495817671,2025-12-26,12.15,0.3,3.64,0.19
495817671,2025-12-27,1.47,0.3,0.44,0.02
495817671,2025-12-28,0.0,0.3,0.0,0.0
495817671,2025-12-29,3.23,2.0,6.46,0.5
495817671,2025-12-30,0.0,0.3,0.0,0.0
495817671,2025-12-31,12.55,0.3,3.76,0.16
500635396,2025-01-01,832.85,2.0,1665.7,181.24
500635396,2025-01-02,2928.99,2.0,5857.98,499.48
500635396,2025-01-03,3016.75,2.0,6033.5,536.07
500635396,2025-01-04,2756.29,2.0,5512.58,569.24
500635396,2025-01-05,2759.02,2.0,5518.04,573.17
500635396,2025-01-06,577.58,2.0,1155.16,176.94
500635396,2025-01-07,478.58,2.0,957.16,186.04
500635396,2025-01-08,2688.86,2.0,5377.72,501.89
500635396,2025-01-09,2763.37,2.0,5526.74,496.21
500635396,2025-01-10,3878.67,2.0,7757.34,474.94
500635396,2025-01-11,4164.65,0.3,1249.39,59.05
500635396,2025-01-12,3955.9,0.3,1186.77,64.29
500635396,2025-01-13,663.75,2.0,1327.5,101.26
500635396,2025-01-14,562.31,2.0,1124.62,81.28
500635396,2025-01-15,4347.28,0.3,1304.18,53.65
500635396,2025-01-16,3876.22,0.3,1162.87,37.2
500635396,2025-01-17,3615.08,0.3,1084.52,44.0
500635396,2025-01-18,1540.08,2.0,3080.16,231.69
500635396,2025-01-19,1613.92,2.0,3227.84,233.41
500635396,2025-01-20,1507.21,2.0,3014.42,417.17
500635396,2025-01-21,218.2,2.0,436.4,138.33
500635396,2025-01-22,900.27,2.0,1800.54,128.44
500635396,2025-01-23,2349.16,0.3,704.75,39.28
500635396,2025-01-24,3035.73,0.3,910.72,52.29
500635396,2025-01-25,4625.67,0.3,1387.7,74.91
500635396,2025-01-26,4763.43,0.3,1429.03,79.48
500635396,2025-01-27,1870.48,2.0,3740.96,279.22
500635396,2025-01-28,1264.32,0.3,379.3,17.81
500635396,2025-01-29,500.3,2.0,1000.6,62.73
500635396,2025-01-30,521.89,2.0,1043.78,72.04
500635396,2025-01-31,572.8,0.3,171.84,9.53
500635396,2025-02-01,606.1,0.3,181.83,9.74
500635396,2025-02-02,919.23,0.3,275.77,13.37
500635396,2025-02-03,1300.19,0.3,390.06,20.01
500635396,2025-02-04,1660.08,0.3,498.02,25.36
500635396,2025-02-05,1840.34,2.0,3680.68,229.15
500635396,2025-02-06,1873.71,0.3,562.11,30.25
500635396,2025-02-07,2073.95,0.3,622.18,27.62
500635396,2025-02-08,1554.97,2.0,3109.94,194.14
500635396,2025-02-09,4714.46,0.3,1414.34,66.91
500635396,2025-02-10,4914.85,0.3,1474.46,80.24
500635396,2025-02-11,4717.34,0.3,1415.2,75.61
500635396,2025-02-12,4147.45,0.3,1244.23,65.14
500635396,2025-02-13,3345.66,0.3,1003.7,53.91
500635396,2025-02-14,1707.86,2.0,3415.72,244.44
500635396,2025-02-15,3448.13,0.3,1034.44,52.71
500635396,2025-02-16,3511.83,0.3,1053.55,54.91
500635396,2025-02-17,2750.0,0.3,825.0,43.78
500635396,2025-02-18,4140.26,0.3,1242.08,60.36
500635396,2025-02-19,5076.69,0.3,1523.01,72.2
500635396,2025-02-20,5946.43,0.3,1783.93,83.12
500635396,2025-02-21,6884.66,0.3,2065.4,73.69
500635396,2025-02-22,1320.26,0.3,396.08,14.1
500635396,2025-02-23,0.0,0.3,0.0,0.0
500635396,2025-02-24,0.0,0.3,0.0,0.0
500635396,2025-02-25,0.0,0.3,0.0,0.0
500635396,2025-02-26,5.29,2.0,10.58,0.68
500635396,2025-02-27,0.0,0.3,0.0,0.0
500635396,2025-02-28,3.6,2.0,7.2,0.55
500635396,2025-03-01,0.0,0.3,0.0,0.0
500635396,2025-03-02,0.0,0.3,0.0,0.0
500635396,2025-03-03,1.5,2.0,3.0,0.31
500635396,2025-03-04,0.0,0.3,0.0,0.0
500635396,2025-03-05,1.47,2.0,2.94,0.26
500635396,2025-03-06,29.02,2.0,58.04,5.37
500635396,2025-03-07,65.78,2.0,131.56,8.1
500635396,2025-03-08,86.15,0.3,25.85,1.12
500635396,2025-03-09,143.34,0.3,43.0,2.07
500635396,2025-03-10,39.42,2.0,78.84,6.1
500635396,2025-03-11,1.06,2.0,2.12,0.17
500635396,2025-03-12,2.05,2.0,4.1,0.3
500635396,2025-03-13,76.56,0.3,22.97,0.88
500635396,2025-03-14,102.3,2.0,204.6,17.42
500635396,2025-03-15,32.45,2.0,64.9,4.19
500635396,2025-03-16,880.54,0.3,264.16,8.33
500635396,2025-03-17,4477.29,0.3,1343.19,44.94
500635396,2025-03-18,0.0,0.3,0.0,0.0
500635396,2025-03-19,4277.91,0.3,1283.37,41.13
500635396,2025-03-20,2320.24,0.3,696.07,13.57
500635396,2025-03-21,3420.1,0.3,1026.03,39.13
500635396,2025-03-22,4896.51,0.3,1468.95,24.8
500635396,2025-03-23,0.0,0.3,0.0,0.0
500635396,2025-03-24,0.0,0.3,0.0,0.0
500635396,2025-03-25,0.0,0.3,0.0,0.0
500635396,2025-03-26,0.0,0.3,0.0,0.0
500635396,2025-03-27,0.0,0.3,0.0,0.0
500635396,2025-03-28,0.0,0.3,0.0,0.0
500635396,2025-03-29,0.0,0.3,0.0,0.0
500635396,2025-03-30,0.0,0.3,0.0,0.0
500635396,2025-03-31,0.0,0.3,0.0,0.0
500635396,2025-04-01,0.0,0.3,0.0,0.0
500635396,2025-04-02,0.0,0.3,0.0,0.0
500635396,2025-04-03,0.0,0.3,0.0,0.0
500635396,2025-04-04,0.0,0.3,0.0,0.0
500635396,2025-04-05,0.0,0.3,0.0,0.0
500635396,2025-04-06,0.8,2.0,1.6,0.14
500635396,2025-04-07,1.06,2.0,2.12,0.16
500635396,2025-04-08,5953.45,0.3,1786.04,47.25
500635396,2025-04-09,3357.93,2.0,6715.86,614.0
500635396,2025-04-10,3379.43,2.0,6758.86,616.0
500635396,2025-04-11,3365.54,2.0,6731.08,714.0
500635396,2025-04-12,3363.24,2.0,6726.48,726.0
500635396,2025-04-13,962.8,2.0,1925.6,328.0
500635396,2025-04-14,875.71,2.0,1751.42,348.0
500635396,2025-04-15,2119.53,2.0,4239.06,802.0
500635396,2025-04-16,2434.52,2.0,4869.04,631.79
500635396,2025-04-17,1991.69,2.0,3983.38,458.81
500635396,2025-04-18,1196.81,2.0,2393.62,208.98
500635396,2025-04-19,1861.35,0.3,558.4,32.13
500635396,2025-04-20,541.32,2.0,1082.64,150.06
500635396,2025-04-21,568.83,2.0,1137.66,181.43
500635396,2025-04-22,3424.0,2.0,6848.0,529.92
500635396,2025-04-23,3844.98,2.0,7689.96,582.02
500635396,2025-04-24,6092.21,0.3,1827.66,104.6
500635396,2025-04-25,1891.56,0.3,567.47,31.97
500635396,2025-04-26,1538.75,0.3,461.62,23.03
500635396,2025-04-27,638.15,2.0,1276.3,119.87
500635396,2025-04-28,1855.59,0.3,556.68,24.8
500635396,2025-04-29,2138.32,0.3,641.5,32.91
500635396,2025-04-30,689.92,2.0,1379.84,136.7
500635396,2025-05-01,230.77,2.0,461.54,52.55
500635396,2025-05-02,324.7,2.0,649.4,62.39
500635396,2025-05-03,263.6,2.0,527.2,58.51
500635396,2025-05-04,302.22,2.0,604.44,74.38
500635396,2025-05-05,412.05,2.0,824.1,93.81
500635396,2025-05-06,2122.8,2.0,4245.6,376.3
500635396,2025-05-07,4362.24,2.0,8724.48,648.59
500635396,2025-05-08,3008.95,0.3,902.68,54.65
500635396,2025-05-09,3198.2,0.3,959.46,42.4
500635396,2025-05-10,2672.88,0.3,801.86,32.78
500635396,2025-05-11,1139.04,0.3,341.71,15.88
500635396,2025-05-12,440.96,2.0,881.92,59.75
500635396,2025-05-13,2194.47,0.3,658.34,25.77
500635396,2025-05-14,2806.83,0.3,842.05,43.12
500635396,2025-05-15,2795.16,0.3,838.55,42.39
500635396,2025-05-16,2698.99,0.3,809.7,37.5
500635396,2025-05-17,2609.47,0.3,782.84,36.27
500635396,2025-05-18,500.12,0.3,150.04,8.12
500635396,2025-05-19,1734.89,0.3,520.47,27.5
500635396,2025-05-20,3091.61,0.3,927.48,36.34
500635396,2025-05-21,2507.55,0.3,752.26,39.1
500635396,2025-05-22,2034.86,0.3,610.46,33.92
500635396,2025-05-23,760.37,2.0,1520.74,125.16
500635396,2025-05-24,1143.89,2.0,2287.78,163.29
500635396,2025-05-25,537.49,2.0,1074.98,103.87
500635396,2025-05-26,601.45,2.0,1202.9,135.82
500635396,2025-05-27,1256.69,2.0,2513.38,217.05
500635396,2025-05-28,1440.61,2.0,2881.22,211.0
500635396,2025-05-29,1330.17,2.0,2660.34,188.82
500635396,2025-05-30,805.15,2.0,1610.3,112.55
500635396,2025-05-31,1480.47,0.3,444.14,16.94
500635396,2025-06-01,1214.69,0.3,364.41,15.6
500635396,2025-06-02,1260.39,0.3,378.12,14.63
500635396,2025-06-03,2090.28,0.3,627.08,33.42
500635396,2025-06-04,5797.0,0.3,1739.1,49.5
500635396,2025-06-05,5747.82,0.3,1724.35,55.2
500635396,2025-06-06,6251.33,0.3,1875.4,50.4
500635396,2025-06-07,3767.86,0.3,1130.36,32.67
500635396,2025-06-08,667.99,2.0,1335.98,85.75
500635396,2025-06-09,427.79,2.0,855.58,63.95
500635396,2025-06-10,447.43,2.0,894.86,70.79
500635396,2025-06-11,4968.43,0.3,1490.53,52.33
500635396,2025-06-12,2965.13,0.3,889.54,34.74
500635396,2025-06-13,1164.73,2.0,2329.46,150.84
500635396,2025-06-14,758.29,0.3,227.49,10.91
500635396,2025-06-15,347.56,0.3,104.27,5.83
500635396,2025-06-16,298.29,2.0,596.58,38.2
500635396,2025-06-17,1582.97,0.3,474.89,26.25
500635396,2025-06-18,2414.72,0.3,724.42,32.95
500635396,2025-06-19,1452.18,0.3,435.65,20.72
500635396,2025-06-20,3234.98,0.3,970.49,39.64
500635396,2025-06-21,3282.66,0.3,984.8,38.9
500635396,2025-06-22,341.91,0.3,102.57,5.76
500635396,2025-06-23,305.59,0.3,91.68,5.02
500635396,2025-06-24,2782.18,0.3,834.65,43.06
500635396,2025-06-25,1052.64,2.0,2105.28,180.42
500635396,2025-06-26,984.11,2.0,1968.22,158.0
500635396,2025-06-27,1174.87,2.0,2349.74,190.0
500635396,2025-06-28,1110.67,2.0,2221.34,190.0
500635396,2025-06-29,174.93,2.0,349.86,46.0
500635396,2025-06-30,172.61,0.3,51.78,0.16
500635396,2025-07-01,1070.99,2.0,2141.98,151.29
500635396,2025-07-02,1185.43,2.0,2370.86,172.64
500635396,2025-07-03,1494.74,2.0,2989.48,204.07
500635396,2025-07-04,1418.66,2.0,2837.32,231.29
500635396,2025-07-05,1485.66,2.0,2971.32,222.75
500635396,2025-07-06,550.65,2.0,1101.3,81.04
500635396,2025-07-07,443.97,2.0,887.94,73.96
500635396,2025-07-08,1210.44,2.0,2420.88,180.62
500635396,2025-07-09,1467.37,2.0,2934.74,197.84
500635396,2025-07-10,1201.84,2.0,2403.68,193.18
500635396,2025-07-11,1327.16,2.0,2654.32,190.12
500635396,2025-07-12,1343.13,2.0,2686.26,172.65
500635396,2025-07-13,577.1,2.0,1154.2,87.11
500635396,2025-07-14,633.37,2.0,1266.74,94.16
500635396,2025-07-15,1840.06,2.0,3680.12,240.78
500635396,2025-07-16,1684.23,2.0,3368.46,206.76
500635396,2025-07-17,1668.62,0.3,500.59,29.07
500635396,2025-07-18,1494.75,2.0,2989.5,206.2
500635396,2025-07-19,1405.04,0.3,421.51,25.26
500635396,2025-07-20,673.79,0.3,202.14,11.65
500635396,2025-07-21,606.7,2.0,1213.4,77.58
500635396,2025-07-22,2623.82,0.3,787.15,35.27
500635396,2025-07-23,2858.04,2.0,5716.08,349.63
500635396,2025-07-24,1716.03,2.0,3432.06,256.86
500635396,2025-07-25,2807.13,2.0,5614.26,345.18
500635396,2025-07-26,2106.08,2.0,4212.16,262.62
500635396,2025-07-27,503.01,2.0,1006.02,64.01
500635396,2025-07-28,339.44,0.3,101.83,5.68
500635396,2025-07-29,2234.96,2.0,4469.92,277.39
500635396,2025-07-30,2905.62,0.3,871.69,47.7
500635396,2025-07-31,3294.25,2.0,6588.5,443.19
500635396,2025-08-01,3456.14,0.3,1036.84,62.14
500635396,2025-08-02,3298.28,0.3,989.48,56.51
500635396,2025-08-03,2082.79,2.0,4165.58,302.67
500635396,2025-08-04,2045.49,2.0,4090.98,327.03
500635396,2025-08-05,3456.92,2.0,6913.84,424.24
500635396,2025-08-06,3619.07,0.3,1085.72,62.07
500635396,2025-08-07,3955.63,0.3,1186.69,62.0
500635396,2025-08-08,4311.72,0.3,1293.52,58.95
500635396,2025-08-09,3311.28,0.3,993.38,49.84
500635396,2025-08-10,479.55,2.0,959.1,81.49
500635396,2025-08-11,453.75,2.0,907.5,64.83
500635396,2025-08-12,3204.06,0.3,961.22,53.28
500635396,2025-08-13,3830.9,0.3,1149.27,62.61
500635396,2025-08-14,4426.05,0.3,1327.82,65.01
500635396,2025-08-15,4572.57,0.3,1371.77,64.41
500635396,2025-08-16,4362.98,0.3,1308.89,63.0
500635396,2025-08-17,1664.33,0.3,499.3,26.77
500635396,2025-08-18,1147.2,0.3,344.16,18.13
500635396,2025-08-19,6305.54,0.3,1891.66,86.73
500635396,2025-08-20,6737.81,0.3,2021.34,79.51
500635396,2025-08-21,7164.78,0.3,2149.43,85.53
500635396,2025-08-22,6402.97,0.3,1920.89,72.78
500635396,2025-08-23,7081.77,0.3,2124.53,76.96
500635396,2025-08-24,1111.34,0.3,333.4,19.76
500635396,2025-08-25,941.8,2.0,1883.6,117.27
500635396,2025-08-26,5888.37,0.3,1766.51,73.41
500635396,2025-08-27,5489.26,0.3,1646.78,66.16
500635396,2025-08-28,3401.58,0.3,1020.47,48.15
500635396,2025-08-29,3175.19,0.3,952.56,47.85
500635396,2025-08-30,3258.96,0.3,977.69,50.45
500635396,2025-08-31,957.01,2.0,1914.02,129.71
500635396,2025-09-01,659.35,2.0,1318.7,91.48
500635396,2025-09-02,3297.75,2.0,6595.5,436.51
500635396,2025-09-03,2865.94,0.3,859.78,51.08
500635396,2025-09-04,3118.14,0.3,935.44,55.87
500635396,2025-09-05,5196.02,0.3,1558.81,84.31
500635396,2025-09-06,4842.88,0.3,1452.86,84.73
500635396,2025-09-07,1596.16,2.0,3192.32,208.1
500635396,2025-09-08,1604.55,2.0,3209.1,207.89
500635396,2025-09-09,4857.36,0.3,1457.21,72.4
500635396,2025-09-10,4731.21,2.0,9462.42,594.74
500635396,2025-09-11,4794.35,0.3,1438.3,84.86
500635396,2025-09-12,4587.95,0.3,1376.38,77.68
500635396,2025-09-13,4439.45,0.3,1331.83,77.08
500635396,2025-09-14,4441.75,0.3,1332.52,71.63
500635396,2025-09-15,304.31,2.0,608.62,317.2
500635396,2025-09-16,241.64,2.0,483.28,290.19
500635396,2025-09-17,238.85,2.0,477.7,292.23
500635396,2025-09-18,4131.79,0.3,1239.54,73.27
500635396,2025-09-19,4204.29,2.0,8408.58,539.16
500635396,2025-09-20,4176.19,2.0,8352.38,612.72
500635396,2025-09-21,1446.19,2.0,2892.38,232.46
500635396,2025-09-22,1638.6,2.0,3277.2,283.18
500635396,2025-09-23,4319.22,0.3,1295.77,77.43
500635396,2025-09-24,4129.38,2.0,8258.76,569.46
500635396,2025-09-25,4120.85,2.0,8241.7,624.6
500635396,2025-09-26,3980.03,2.0,7960.06,558.51
500635396,2025-09-27,3588.71,2.0,7177.42,496.19
500635396,2025-09-28,1349.12,2.0,2698.24,226.17
500635396,2025-09-29,2368.6,2.0,4737.2,357.07
500635396,2025-09-30,1198.92,2.0,2397.84,213.74
500635396,2025-10-01,304.48,2.0,608.96,62.22
500635396,2025-10-02,269.95,2.0,539.9,60.62
500635396,2025-10-03,278.96,2.0,557.92,53.67
500635396,2025-10-04,329.03,2.0,658.06,68.88
500635396,2025-10-05,358.62,2.0,717.24,83.66
500635396,2025-10-06,509.33,2.0,1018.66,99.24
500635396,2025-10-07,585.09,2.0,1170.18,96.88
500635396,2025-10-08,1475.3,2.0,2950.6,234.94
500635396,2025-10-09,2893.82,2.0,5787.64,447.75
500635396,2025-10-10,3228.81,2.0,6457.62,494.12
500635396,2025-10-11,2857.59,2.0,5715.18,401.87
500635396,2025-10-12,2552.55,2.0,5105.1,338.02
500635396,2025-10-13,1063.03,2.0,2126.06,200.56
500635396,2025-10-14,3327.68,2.0,6655.36,553.52
500635396,2025-10-15,2914.77,2.0,5829.54,463.1
500635396,2025-10-16,3032.38,2.0,6064.76,453.96
500635396,2025-10-17,3601.36,2.0,7202.72,443.38
500635396,2025-10-18,3635.02,2.0,7270.04,445.86
500635396,2025-10-19,949.07,2.0,1898.14,177.14
500635396,2025-10-20,808.71,2.0,1617.42,146.82
500635396,2025-10-21,3168.53,2.0,6337.06,408.93
500635396,2025-10-22,3356.51,1.1843,3975.1,241.26
500635396,2025-10-23,3230.5,2.0,6461.0,397.65
500635396,2025-10-24,3597.44,0.3,1079.23,64.78
500635396,2025-10-25,3122.51,2.0,6245.02,380.2
500635396,2025-10-26,1150.72,2.0,2301.44,166.3
500635396,2025-10-27,971.9,2.0,1943.8,193.17
500635396,2025-10-28,3400.75,0.3,1020.22,61.79
500635396,2025-10-29,3331.64,0.3,999.49,59.91
500635396,2025-10-30,3044.72,2.0,6089.44,383.57
500635396,2025-10-31,3183.75,2.0,6367.5,410.22
500635396,2025-11-01,2932.11,0.3,879.63,48.33
500635396,2025-11-02,932.99,2.0,1865.98,142.39
500635396,2025-11-03,937.86,2.0,1875.72,164.43
500635396,2025-11-04,3407.72,2.0,6815.44,497.55
500635396,2025-11-05,1684.01,2.0,3368.02,224.78
500635396,2025-11-06,4094.64,2.0,8189.28,505.54
500635396,2025-11-07,3776.76,2.0,7553.52,484.71
500635396,2025-11-08,3477.32,2.0,6954.64,439.91
500635396,2025-11-09,1349.76,2.0,2699.52,185.55
500635396,2025-11-10,1634.98,2.0,3269.96,259.11
500635396,2025-11-11,6068.87,0.3,1820.66,98.69
500635396,2025-11-12,6008.53,0.3,1802.56,97.85
500635396,2025-11-13,6004.34,0.3,1801.3,85.88
500635396,2025-11-14,5575.39,0.3,1672.62,84.24
500635396,2025-11-15,4945.44,0.3,1483.63,85.4
500635396,2025-11-16,1901.7,0.3,570.51,30.64
500635396,2025-11-17,1701.15,2.0,3402.3,259.58
500635396,2025-11-18,3004.33,2.0,6008.66,407.33
500635396,2025-11-19,6014.1,0.3,1804.23,106.25
500635396,2025-11-20,5569.52,0.3,1670.86,93.88
500635396,2025-11-21,4631.88,0.3,1389.56,77.82
500635396,2025-11-22,3849.29,0.3,1154.79,66.57
500635396,2025-11-23,1084.39,2.0,2168.78,184.97
500635396,2025-11-24,866.86,2.0,1733.72,120.52
500635396,2025-11-25,3930.93,2.0,7861.86,555.41
500635396,2025-11-26,4786.31,0.3,1435.89,80.68
500635396,2025-11-27,3838.93,2.0,7677.86,481.29
500635396,2025-11-28,2353.1,2.0,4706.2,293.9
500635396,2025-11-29,2115.38,2.0,4230.76,260.58
500635396,2025-11-30,736.68,2.0,1473.36,110.47
500635396,2025-12-01,607.3,2.0,1214.6,117.76
500635396,2025-12-02,2832.81,2.0,5665.62,390.47
500635396,2025-12-03,4892.66,2.0,9785.32,599.35
500635396,2025-12-04,5016.89,2.0,10033.78,676.1
500635396,2025-12-05,4788.48,0.3,1436.54,86.08
500635396,2025-12-06,3086.88,0.3,926.06,51.16
500635396,2025-12-07,552.54,2.0,1105.08,109.5
500635396,2025-12-08,569.32,2.0,1138.64,109.8
500635396,2025-12-09,3892.14,2.0,7784.28,474.99
500635396,2025-12-10,4669.64,0.3,1400.89,72.6
500635396,2025-12-11,4749.88,2.0,9499.76,609.12
500635396,2025-12-12,4212.6,0.3,1263.78,67.09
500635396,2025-12-13,4135.3,0.3,1240.59,58.99
500635396,2025-12-14,552.17,2.0,1104.34,103.28
500635396,2025-12-15,545.38,2.0,1090.76,101.84
500635396,2025-12-16,5023.49,0.3,1507.05,81.12
500635396,2025-12-17,5032.03,0.3,1509.61,82.4
500635396,2025-12-18,4988.13,0.3,1496.44,79.13
500635396,2025-12-19,4197.1,0.3,1259.13,68.14
500635396,2025-12-20,3987.23,0.3,1196.17,60.1
500635396,2025-12-21,516.26,2.0,1032.52,90.54
500635396,2025-12-22,541.77,2.0,1083.54,89.82
500635396,2025-12-23,4806.3,0.3,1441.89,74.12
500635396,2025-12-24,4847.69,0.3,1454.31,75.31
500635396,2025-12-25,4028.02,0.3,1208.41,58.58
500635396,2025-12-26,4625.73,0.3,1387.72,72.13
500635396,2025-12-27,5015.52,0.3,1504.66,67.73
500635396,2025-12-28,577.95,2.0,1155.9,109.41
500635396,2025-12-29,558.43,2.0,1116.86,86.52
500635396,2025-12-30,5979.66,0.3,1793.9,80.08
500635396,2025-12-31,4106.14,0.3,1231.84,51.98
525368335,2025-01-01,0.0,0.3,0.0,0.0
525368335,2025-01-02,4.6,2.0,9.2,0.78
525368335,2025-01-03,0.0,0.3,0.0,0.0
525368335,2025-01-04,0.0,0.3,0.0,0.0
525368335,2025-01-05,2.61,2.0,5.22,0.54
525368335,2025-01-06,24.46,2.0,48.92,7.49
525368335,2025-01-07,2.22,2.0,4.44,0.86
525368335,2025-01-08,23.54,2.0,47.08,4.39
525368335,2025-01-09,1.27,2.0,2.54,0.23
525368335,2025-01-10,0.0,0.3,0.0,0.0
525368335,2025-01-11,0.0,0.3,0.0,0.0
525368335,2025-01-12,0.0,0.3,0.0,0.0
525368335,2025-01-13,0.0,0.3,0.0,0.0
525368335,2025-01-14,0.0,0.3,0.0,0.0
525368335,2025-01-15,843.13,0.3,252.94,10.41
525368335,2025-01-16,2705.75,0.3,811.72,25.96
525368335,2025-01-17,2773.53,0.3,832.06,33.76
525368335,2025-01-18,3040.72,2.0,6081.44,457.45
525368335,2025-01-19,3186.31,2.0,6372.62,460.81
525368335,2025-01-20,829.51,2.0,1659.02,229.59
525368335,2025-01-21,862.92,2.0,1725.84,547.07
525368335,2025-01-22,3189.37,2.0,6378.74,455.03
525368335,2025-01-23,2846.15,0.3,853.84,47.59
525368335,2025-01-24,1468.77,0.3,440.63,25.3
525368335,2025-01-25,0.0,0.3,0.0,0.0
525368335,2025-01-26,0.0,0.3,0.0,0.0
525368335,2025-01-27,0.0,0.3,0.0,0.0
525368335,2025-01-28,0.0,0.3,0.0,0.0
525368335,2025-01-29,0.0,0.3,0.0,0.0
525368335,2025-01-30,0.0,0.3,0.0,0.0
525368335,2025-01-31,0.0,0.3,0.0,0.0
525368335,2025-02-01,0.0,0.3,0.0,0.0
525368335,2025-02-02,0.0,0.3,0.0,0.0
525368335,2025-02-03,0.0,0.3,0.0,0.0
525368335,2025-02-04,0.0,0.3,0.0,0.0
525368335,2025-02-05,0.0,0.3,0.0,0.0
525368335,2025-02-06,0.0,0.3,0.0,0.0
525368335,2025-02-07,0.0,0.3,0.0,0.0
525368335,2025-02-08,0.0,0.3,0.0,0.0
525368335,2025-02-09,0.0,0.3,0.0,0.0
525368335,2025-02-10,0.0,0.3,0.0,0.0
525368335,2025-02-11,0.0,0.3,0.0,0.0
525368335,2025-02-12,0.0,0.3,0.0,0.0
525368335,2025-02-13,0.0,0.3,0.0,0.0
525368335,2025-02-14,0.0,0.3,0.0,0.0
525368335,2025-02-15,0.0,0.3,0.0,0.0
525368335,2025-02-16,0.0,0.3,0.0,0.0
525368335,2025-02-17,0.0,0.3,0.0,0.0
525368335,2025-02-18,0.0,0.3,0.0,0.0
525368335,2025-02-19,0.0,0.3,0.0,0.0
525368335,2025-02-20,0.0,0.3,0.0,0.0
525368335,2025-02-21,0.0,0.3,0.0,0.0
525368335,2025-02-22,3555.08,0.3,1066.52,37.96
525368335,2025-02-23,2934.12,2.0,5868.24,709.42
525368335,2025-02-24,1922.23,2.0,3844.46,302.06
525368335,2025-02-25,3929.24,0.3,1178.77,54.73
525368335,2025-02-26,6099.33,2.0,12198.66,788.8
525368335,2025-02-27,5880.82,2.0,11761.64,813.41
525368335,2025-02-28,6853.54,2.0,13707.08,1051.01
525368335,2025-03-01,5882.58,2.0,11765.16,719.02
525368335,2025-03-02,5393.73,2.0,10787.46,853.38
525368335,2025-03-03,4587.35,2.0,9174.7,937.98
525368335,2025-03-04,5484.22,2.0,10968.44,855.42
525368335,2025-03-05,6270.44,2.0,12540.88,1117.63
525368335,2025-03-06,6955.36,2.0,13910.72,1285.86
525368335,2025-03-07,9201.38,2.0,18402.76,1133.67
525368335,2025-03-08,8299.11,0.3,2489.73,107.88
525368335,2025-03-09,4445.27,0.3,1333.58,64.08
525368335,2025-03-10,2702.35,2.0,5404.7,418.06
525368335,2025-03-11,2912.98,2.0,5825.96,460.94
525368335,2025-03-12,4892.3,2.0,9784.6,704.67
525368335,2025-03-13,5177.65,0.3,1553.29,59.31
525368335,2025-03-14,3177.5,2.0,6355.0,541.23
525368335,2025-03-15,4777.58,2.0,9555.16,617.62
525368335,2025-03-16,4653.74,0.3,1396.12,44.05
525368335,2025-03-17,1994.4,0.3,598.32,20.02
525368335,2025-03-18,1951.69,2.0,3903.38,326.67
525368335,2025-03-19,7611.01,0.3,2283.3,73.18
525368335,2025-03-20,6308.75,0.3,1892.62,36.91
525368335,2025-03-21,3679.02,0.3,1103.71,42.09
525368335,2025-03-22,0.0,0.3,0.0,0.0
525368335,2025-03-23,2418.84,0.3,725.65,10.34
525368335,2025-03-24,0.0,0.3,0.0,0.0
525368335,2025-03-25,0.0,0.3,0.0,0.0
525368335,2025-03-26,0.0,0.3,0.0,0.0
525368335,2025-03-27,0.0,0.3,0.0,0.0
525368335,2025-03-28,0.0,0.3,0.0,0.0
525368335,2025-03-29,0.0,0.3,0.0,0.0
525368335,2025-03-30,0.0,0.3,0.0,0.0
525368335,2025-03-31,0.0,0.3,0.0,0.0
525368335,2025-04-01,0.0,0.3,0.0,0.0
525368335,2025-04-02,0.0,0.3,0.0,0.0
525368335,2025-04-03,0.0,0.3,0.0,0.0
525368335,2025-04-04,0.0,0.3,0.0,0.0
525368335,2025-04-05,0.0,0.3,0.0,0.0
525368335,2025-04-06,0.0,0.3,0.0,0.0
525368335,2025-04-07,0.0,0.3,0.0,0.0
525368335,2025-04-08,0.0,0.3,0.0,0.0
525368335,2025-04-09,0.0,0.3,0.0,0.0
525368335,2025-04-10,0.0,0.3,0.0,0.0
525368335,2025-04-11,0.0,0.3,0.0,0.0
525368335,2025-04-12,0.0,0.3,0.0,0.0
525368335,2025-04-13,0.0,0.3,0.0,0.0
525368335,2025-04-14,0.0,0.3,0.0,0.0
525368335,2025-04-15,0.0,0.3,0.0,0.0
525368335,2025-04-16,0.0,0.3,0.0,0.0
525368335,2025-04-17,0.0,0.3,0.0,0.0
525368335,2025-04-18,0.0,0.3,0.0,0.0
525368335,2025-04-19,0.0,0.3,0.0,0.0
525368335,2025-04-20,0.0,0.3,0.0,0.0
525368335,2025-04-21,0.0,0.3,0.0,0.0
525368335,2025-04-22,0.0,0.3,0.0,0.0
525368335,2025-04-23,0.0,0.3,0.0,0.0
525368335,2025-04-24,0.0,0.3,0.0,0.0
525368335,2025-04-25,0.0,0.3,0.0,0.0
525368335,2025-04-26,0.0,0.3,0.0,0.0
525368335,2025-04-27,0.0,0.3,0.0,0.0
525368335,2025-04-28,0.0,0.3,0.0,0.0
525368335,2025-04-29,0.0,0.3,0.0,0.0
525368335,2025-04-30,0.0,0.3,0.0,0.0
525368335,2025-05-01,0.0,0.3,0.0,0.0
525368335,2025-05-02,0.0,0.3,0.0,0.0
525368335,2025-05-03,0.0,0.3,0.0,0.0
525368335,2025-05-04,0.0,0.3,0.0,0.0
525368335,2025-05-05,0.0,0.3,0.0,0.0
525368335,2025-05-06,5.77,2.0,11.54,1.02
525368335,2025-05-07,25.43,2.0,50.86,3.78
525368335,2025-05-08,29.39,0.3,8.82,0.53
525368335,2025-05-09,368.16,0.3,110.45,4.88
525368335,2025-05-10,175.93,0.3,52.78,2.16
525368335,2025-05-11,73.25,0.3,21.98,1.02
525368335,2025-05-12,52.43,2.0,104.86,7.1
525368335,2025-05-13,74.67,0.3,22.4,0.88
525368335,2025-05-14,88.35,0.3,26.5,1.36
525368335,2025-05-15,94.87,0.3,28.46,1.44
525368335,2025-05-16,150.05,0.3,45.02,2.08
525368335,2025-05-17,289.31,0.3,86.79,4.02
525368335,2025-05-18,368.82,0.3,110.65,5.99
525368335,2025-05-19,508.93,0.3,152.68,8.07
525368335,2025-05-20,1333.35,0.3,400.0,15.67
525368335,2025-05-21,745.85,0.3,223.76,11.63
525368335,2025-05-22,950.93,0.3,285.28,15.85
525368335,2025-05-23,626.88,2.0,1253.76,103.19
525368335,2025-05-24,506.08,2.0,1012.16,72.24
525368335,2025-05-25,325.64,2.0,651.28,62.93
525368335,2025-05-26,423.99,2.0,847.98,95.75
525368335,2025-05-27,493.66,2.0,987.32,85.26
525368335,2025-05-28,544.42,2.0,1088.84,79.74
525368335,2025-05-29,524.74,2.0,1049.48,74.49
525368335,2025-05-30,691.05,2.0,1382.1,96.6
525368335,2025-05-31,0.0,0.3,0.0,0.0
525368335,2025-06-01,0.0,0.3,0.0,0.0
525368335,2025-06-02,0.0,0.3,0.0,0.0
525368335,2025-06-03,209.17,0.3,62.75,3.34
525368335,2025-06-04,0.0,0.3,0.0,0.0
525368335,2025-06-05,0.0,0.3,0.0,0.0
525368335,2025-06-06,0.0,0.3,0.0,0.0
525368335,2025-06-07,0.0,0.3,0.0,0.0
525368335,2025-06-08,753.98,2.0,1507.96,96.78
525368335,2025-06-09,575.42,2.0,1150.84,86.01
525368335,2025-06-10,668.08,2.0,1336.16,105.7
525368335,2025-06-11,0.0,0.3,0.0,0.0
525368335,2025-06-12,0.0,0.3,0.0,0.0
525368335,2025-06-13,5.56,2.0,11.12,0.72
525368335,2025-06-14,29.7,0.3,8.91,0.43
525368335,2025-06-15,33.44,0.3,10.03,0.56
525368335,2025-06-16,17.69,2.0,35.38,2.27
525368335,2025-06-17,42.8,0.3,12.84,0.71
525368335,2025-06-18,50.88,0.3,15.26,0.69
525368335,2025-06-19,12.11,0.3,3.63,0.17
525368335,2025-06-20,0.0,0.3,0.0,0.0
525368335,2025-06-21,0.0,0.3,0.0,0.0
525368335,2025-06-22,0.0,0.3,0.0,0.0
525368335,2025-06-23,0.0,0.3,0.0,0.0
525368335,2025-06-24,0.0,0.3,0.0,0.0
525368335,2025-06-25,0.0,0.3,0.0,0.0
525368335,2025-06-26,0.0,0.3,0.0,0.0
525368335,2025-06-27,0.0,0.3,0.0,0.0
525368335,2025-06-28,0.0,0.3,0.0,0.0
525368335,2025-06-29,0.0,0.3,0.0,0.0
525368335,2025-06-30,0.0,0.3,0.0,0.0
525368335,2025-07-01,0.0,0.3,0.0,0.0
525368335,2025-07-02,0.0,0.3,0.0,0.0
525368335,2025-07-03,0.0,0.3,0.0,0.0
525368335,2025-07-04,0.0,0.3,0.0,0.0
525368335,2025-07-05,0.0,0.3,0.0,0.0
525368335,2025-07-06,0.0,0.3,0.0,0.0
525368335,2025-07-07,0.0,0.3,0.0,0.0
525368335,2025-07-08,0.0,0.3,0.0,0.0
525368335,2025-07-09,0.0,0.3,0.0,0.0
525368335,2025-07-10,0.0,0.3,0.0,0.0
525368335,2025-07-11,29.85,2.0,59.7,4.28
525368335,2025-07-12,33.18,2.0,66.36,4.27
525368335,2025-07-13,22.78,2.0,45.56,3.44
525368335,2025-07-14,19.56,2.0,39.12,2.91
525368335,2025-07-15,37.38,2.0,74.76,4.89
525368335,2025-07-16,39.17,2.0,78.34,4.81
525368335,2025-07-17,33.61,0.3,10.08,0.59
525368335,2025-07-18,42.78,2.0,85.56,5.9
525368335,2025-07-19,22.39,0.3,6.72,0.4
525368335,2025-07-20,15.83,0.3,4.75,0.27
525368335,2025-07-21,56.93,2.0,113.86,7.28
525368335,2025-07-22,14.46,0.3,4.34,0.19
525368335,2025-07-23,24.51,2.0,49.02,3.0
525368335,2025-07-24,27.5,2.0,55.0,4.12
525368335,2025-07-25,28.52,2.0,57.04,3.51
525368335,2025-07-26,20.05,2.0,40.1,2.5
525368335,2025-07-27,12.76,2.0,25.52,1.62
525368335,2025-07-28,11.8,0.3,3.54,0.2
525368335,2025-07-29,12.54,2.0,25.08,1.56
525368335,2025-07-30,239.82,0.3,71.95,3.94
525368335,2025-07-31,629.79,2.0,1259.58,84.73
525368335,2025-08-01,1136.73,0.3,341.02,20.44
525368335,2025-08-02,1221.36,0.3,366.41,20.92
525368335,2025-08-03,6.18,2.0,12.36,0.9
525368335,2025-08-04,15.07,2.0,30.14,2.41
525368335,2025-08-05,26.87,2.0,53.74,3.3
525368335,2025-08-06,23.17,0.3,6.95,0.4
525368335,2025-08-07,31.6,0.3,9.48,0.5
525368335,2025-08-08,33.28,0.3,9.98,0.46
525368335,2025-08-09,38.45,0.3,11.54,0.58
525368335,2025-08-10,6.94,2.0,13.88,1.18
525368335,2025-08-11,6.6,2.0,13.2,0.94
525368335,2025-08-12,9.14,0.3,2.74,0.15
525368335,2025-08-13,7.65,0.3,2.3,0.13
525368335,2025-08-14,8.57,0.3,2.57,0.13
525368335,2025-08-15,4.6,0.3,1.38,0.06
525368335,2025-08-16,2.68,0.3,0.8,0.04
525368335,2025-08-17,2.59,0.3,0.78,0.04
525368335,2025-08-18,1.3,0.3,0.39,0.02
525368335,2025-08-19,13.01,0.3,3.9,0.18
525368335,2025-08-20,36.89,0.3,11.07,0.44
525368335,2025-08-21,22.0,0.3,6.6,0.26
525368335,2025-08-22,13.85,0.3,4.15,0.16
525368335,2025-08-23,3.98,0.3,1.19,0.04
525368335,2025-08-24,5.2,0.3,1.56,0.09
525368335,2025-08-25,4.73,2.0,9.46,0.59
525368335,2025-08-26,19.81,0.3,5.94,0.25
525368335,2025-08-27,13.93,0.3,4.18,0.17
525368335,2025-08-28,16.28,0.3,4.88,0.23
525368335,2025-08-29,14.16,0.3,4.25,0.21
525368335,2025-08-30,9.97,0.3,2.99,0.15
525368335,2025-08-31,13.79,2.0,27.58,1.87
525368335,2025-09-01,10.26,2.0,20.52,1.42
525368335,2025-09-02,13.21,2.0,26.42,1.75
525368335,2025-09-03,21.74,0.3,6.52,0.39
525368335,2025-09-04,18.14,0.3,5.44,0.33
525368335,2025-09-05,30.61,0.3,9.18,0.5
525368335,2025-09-06,11.92,0.3,3.58,0.21
525368335,2025-09-07,11.04,2.0,22.08,1.44
525368335,2025-09-08,6.69,2.0,13.38,0.87
525368335,2025-09-09,34.99,0.3,10.5,0.52
525368335,2025-09-10,29.94,2.0,59.88,3.76
525368335,2025-09-11,47.04,0.3,14.11,0.83
525368335,2025-09-12,47.76,0.3,14.33,0.81
525368335,2025-09-13,48.37,0.3,14.51,0.84
525368335,2025-09-14,42.49,0.3,12.75,0.69
525368335,2025-09-15,15.8,2.0,31.6,16.47
525368335,2025-09-16,15.35,2.0,30.7,18.43
525368335,2025-09-17,17.03,2.0,34.06,20.84
525368335,2025-09-18,51.93,0.3,15.58,0.92
525368335,2025-09-19,52.48,2.0,104.96,6.73
525368335,2025-09-20,50.0,2.0,100.0,7.34
525368335,2025-09-21,31.68,2.0,63.36,5.09
525368335,2025-09-22,23.97,2.0,47.94,4.14
525368335,2025-09-23,47.8,0.3,14.34,0.86
525368335,2025-09-24,55.23,2.0,110.46,7.62
525368335,2025-09-25,62.95,2.0,125.9,9.54
525368335,2025-09-26,67.06,2.0,134.12,9.41
525368335,2025-09-27,41.2,2.0,82.4,5.7
525368335,2025-09-28,11.18,2.0,22.36,1.87
525368335,2025-09-29,44.78,2.0,89.56,6.75
525368335,2025-09-30,37.82,2.0,75.64,6.74
525368335,2025-10-01,7.68,2.0,15.36,1.57
525368335,2025-10-02,6.98,2.0,13.96,1.57
525368335,2025-10-03,9.72,2.0,19.44,1.87
525368335,2025-10-04,8.64,2.0,17.28,1.81
525368335,2025-10-05,8.86,2.0,17.72,2.07
525368335,2025-10-06,11.66,2.0,23.32,2.27
525368335,2025-10-07,16.12,2.0,32.24,2.67
525368335,2025-10-08,18.47,2.0,36.94,2.94
525368335,2025-10-09,49.15,2.0,98.3,7.6
525368335,2025-10-10,50.68,2.0,101.36,7.76
525368335,2025-10-11,62.07,2.0,124.14,8.73
525368335,2025-10-12,45.88,2.0,91.76,6.08
525368335,2025-10-13,17.9,2.0,35.8,3.38
525368335,2025-10-14,51.08,2.0,102.16,8.5
525368335,2025-10-15,63.29,2.0,126.58,10.06
525368335,2025-10-16,65.07,2.0,130.14,9.74
525368335,2025-10-17,42.77,2.0,85.54,5.27
525368335,2025-10-18,46.14,2.0,92.28,5.66
525368335,2025-10-19,99.6,2.0,199.2,18.59
525368335,2025-10-20,62.96,2.0,125.92,11.43
525368335,2025-10-21,71.71,2.0,143.42,9.25
525368335,2025-10-22,73.66,2.0,147.32,8.94
525368335,2025-10-23,73.44,2.0,146.88,9.04
525368335,2025-10-24,47.0,0.3,14.1,0.85
525368335,2025-10-25,60.69,2.0,121.38,7.39
525368335,2025-10-26,42.38,2.0,84.76,6.12
525368335,2025-10-27,80.61,2.0,161.22,16.02
525368335,2025-10-28,56.89,0.3,17.07,1.03
525368335,2025-10-29,77.19,0.3,23.16,1.39
525368335,2025-10-30,55.59,2.0,111.18,7.0
525368335,2025-10-31,46.96,2.0,93.92,6.05
525368335,2025-11-01,48.34,0.3,14.5,0.8
525368335,2025-11-02,25.55,2.0,51.1,3.9
525368335,2025-11-03,17.86,2.0,35.72,3.13
525368335,2025-11-04,42.98,2.0,85.96,6.28
525368335,2025-11-05,8.13,2.0,16.26,1.09
525368335,2025-11-06,38.84,2.0,77.68,4.8
525368335,2025-11-07,38.62,2.0,77.24,4.96
525368335,2025-11-08,27.08,2.0,54.16,3.43
525368335,2025-11-09,16.77,2.0,33.54,2.31
525368335,2025-11-10,13.84,2.0,27.68,2.19
525368335,2025-11-11,60.72,0.3,18.22,0.99
525368335,2025-11-12,29.72,0.3,8.92,0.48
525368335,2025-11-13,21.66,0.3,6.5,0.31
525368335,2025-11-14,15.71,0.3,4.71,0.24
525368335,2025-11-15,16.57,0.3,4.97,0.29
525368335,2025-11-16,5.78,0.3,1.73,0.09
525368335,2025-11-17,11.31,2.0,22.62,1.73
525368335,2025-11-18,94.41,2.0,188.82,12.8
525368335,2025-11-19,65.31,0.3,19.59,1.15
525368335,2025-11-20,48.52,0.3,14.56,0.82
525368335,2025-11-21,32.12,0.3,9.64,0.54
525368335,2025-11-22,28.69,0.3,8.61,0.5
525368335,2025-11-23,21.36,2.0,42.72,3.64
525368335,2025-11-24,15.04,2.0,30.08,2.09
525368335,2025-11-25,58.9,2.0,117.8,8.32
525368335,2025-11-26,36.12,0.3,10.84,0.61
525368335,2025-11-27,20.09,2.0,40.18,2.52
525368335,2025-11-28,33.93,2.0,67.86,4.24
525368335,2025-11-29,34.19,2.0,68.38,4.21
525368335,2025-11-30,14.1,2.0,28.2,2.11
525368335,2025-12-01,9.39,2.0,18.78,1.82
525368335,2025-12-02,27.96,2.0,55.92,3.85
525368335,2025-12-03,14.4,2.0,28.8,1.76
525368335,2025-12-04,20.46,2.0,40.92,2.76
525368335,2025-12-05,10.08,0.3,3.02,0.18
525368335,2025-12-06,7.93,0.3,2.38,0.13
525368335,2025-12-07,4.2,2.0,8.4,0.83
525368335,2025-12-08,3.77,2.0,7.54,0.73
525368335,2025-12-09,12.88,2.0,25.76,1.57
525368335,2025-12-10,23.49,0.3,7.05,0.37
525368335,2025-12-11,8.02,2.0,16.04,1.03
525368335,2025-12-12,14.77,0.3,4.43,0.24
525368335,2025-12-13,2.69,0.3,0.81,0.04
525368335,2025-12-14,2.84,2.0,5.68,0.53
525368335,2025-12-15,5.45,2.0,10.9,1.02
525368335,2025-12-16,32.94,0.3,9.88,0.53
525368335,2025-12-17,24.18,0.3,7.25,0.4
525368335,2025-12-18,10.95,0.3,3.28,0.17
525368335,2025-12-19,13.38,0.3,4.01,0.22
525368335,2025-12-20,5.04,0.3,1.51,0.08
525368335,2025-12-21,2.15,2.0,4.3,0.38
525368335,2025-12-22,2.53,2.0,5.06,0.42
525368335,2025-12-23,20.74,0.3,6.22,0.32
525368335,2025-12-24,15.47,0.3,4.64,0.24
525368335,2025-12-25,10.93,0.3,3.28,0.16
525368335,2025-12-26,7.22,0.3,2.17,0.11
525368335,2025-12-27,11.54,0.3,3.46,0.16
525368335,2025-12-28,1.62,2.0,3.24,0.31
525368335,2025-12-29,6.19,2.0,12.38,0.96
525368335,2025-12-30,10.08,0.3,3.02,0.14
525368335,2025-12-31,7.8,0.3,2.34,0.1
