关键词,方案ID,消费额,跳出率,平均访问时长_秒,cluster
9,63563817,3424.41,0.6109,196.0,1
726,63563817,252.86,0.9059,39.0,1
1186,63563817,1.79,1.0,13.0,2
1567,63563817,37.32,0.6957,187.0,2
1667,63563817,88.09,0.8333,49.0,1
2123,63563817,6.32,1.0,8.0,2
2478,63563817,49.0,0.4737,646.0,0
2505,63563817,6.15,0.0,142.0,0
2570,63563817,10.34,0.5,54.0,0
2889,63563817,1.89,1.0,21.0,2
2892,63563817,30.77,0.6842,119.0,2
2985,63563817,114.03,0.6901,164.0,1
3169,63563817,5.66,1.0,7.0,2
3304,63563817,7.68,0.75,50.0,2
3501,63563817,13.49,0.75,361.0,2
3732,63563817,15.92,0.9,29.0,2
4048,63563817,2.81,0.0,477.0,0
4186,63563817,3.17,0.5,124.0,0
4675,63563817,1.45,0.0,42.0,0
4713,63563817,7.19,0.5,31.0,0
4773,63563817,52.44,0.8621,48.0,2
4827,63563817,14.14,0.6667,255.0,2
4868,63563817,6.19,1.0,191.0,2
5134,63563817,68.89,0.6744,178.0,1
5267,63563817,3.36,0.5,133.0,0
5307,63563817,88.18,0.6667,90.0,1
5374,63563817,38.32,0.7895,153.0,2
5418,63563817,16.8,0.8,104.0,2
5592,63563817,7.11,1.0,7.0,2
5801,63563817,0.5,0.0,32.0,0
6083,63563817,126.96,0.6053,197.0,1
6149,63563817,183.37,0.4804,397.0,1
6325,63563817,18.15,0.75,41.0,2
6352,63563817,61.07,0.4286,404.0,0
6414,63563817,1.78,1.0,260.0,2
480,63563817,12.25,1.0,187.0,2
770,63563817,41.28,0.75,107.0,2
934,63563817,3.84,0.5,16.0,0
1262,63563817,2.21,1.0,11.0,2
1385,63563817,11.15,1.0,43.0,2
2397,63563817,8.06,0.75,293.0,2
3286,63563817,1.9,1.0,19.0,2
4348,63563817,23.31,0.8333,25.0,2
4497,63563817,15.14,0.963,30.0,2
5236,63563817,7.11,0.5,1272.0,0
5700,63563817,3.63,1.0,3.0,2
6207,63563817,2.68,0.0,19.0,0
6545,63563817,14.84,0.5714,180.0,2
6604,63563817,1.8,0.0,9.0,0
147,63563817,41.96,0.9565,80.0,2
193,63563817,4.83,1.0,63.0,2
384,63563817,25.16,0.8824,67.0,2
405,63563817,39.06,1.0,56.0,2
431,63563817,121.72,0.9146,114.0,1
504,63563817,60.02,0.9667,60.0,2
648,63563817,5.79,1.0,83.0,2
811,63563817,20.17,0.9167,137.0,2
1307,63563817,0.81,0.0,,0
1461,63563817,28.41,1.0,29.0,2
1490,63563817,1.88,1.0,8.0,2
1552,63563817,11.22,1.0,3.0,2
1812,63563817,7.32,1.0,3.0,2
2038,63563817,84.93,0.9057,128.0,2
2107,63563817,60.53,0.9714,90.0,2
2249,63563817,4.33,1.0,46.0,2
2270,63563817,26.65,1.0,34.0,2
2275,63563817,264.04,0.9463,87.0,1
2499,63563817,1.08,0.0,,0
2561,63563817,402.98,0.9607,79.0,1
2574,63563817,4.62,1.0,120.0,2
2596,63563817,1.47,1.0,1.0,2
2669,63563817,7.34,0.8571,23.0,2
2733,63563817,9.83,1.0,88.0,2
2774,63563817,37.05,1.0,93.0,2
2797,63563817,5.41,1.0,4.0,2
2803,63563817,8.18,1.0,23.0,2
2863,63563817,27.28,1.0,86.0,2
2938,63563817,40.92,0.9091,72.0,2
2959,63563817,1.27,1.0,25.0,2
3163,63563817,614.71,0.9824,44.0,1
3422,63563817,7.28,1.0,66.0,2
3465,63563817,1.98,1.0,1.0,2
3801,63563817,12.08,1.0,40.0,2
3863,63563817,28.12,1.0,39.0,2
3972,63563817,18.12,0.9,70.0,2
4023,63563817,29.05,0.9375,72.0,2
4166,63563817,24.53,0.9444,41.0,2
4345,63563817,0.56,0.0,,0
4363,63563817,0.15,1.0,15.0,2
4400,63563817,14.68,1.0,4.0,2
4458,63563817,14.62,1.0,237.0,2
4527,63563817,103.53,0.9153,293.0,1
4667,63563817,8.06,0.7059,196.0,2
4700,63563817,59.83,0.9231,83.0,2
4738,63563817,3.78,1.0,2.0,2
4798,63563817,105.25,0.973,83.0,2
4805,63563817,39.87,1.0,36.0,2
4836,63563817,2.94,1.0,61.0,2
4837,63563817,36.73,0.9583,79.0,2
4857,63563817,26.8,0.875,31.0,2
4860,63563817,46.03,0.5625,173.0,1
5241,63563817,6.42,1.0,33.0,2
5351,63563817,4.07,0.75,558.0,2
5532,63563817,68.56,0.9574,119.0,2
5926,63563817,31.28,0.9412,77.0,2
5995,63563817,0.92,0.0,,0
6242,63563817,4.45,1.0,43.0,2
6282,63563817,162.07,0.947,76.0,1
6633,63563817,15.18,1.0,142.0,2
9,63563817,34.07,0.7143,390.0,2
2397,63563817,2.26,0.5,1490.0,0
2478,63563817,101.65,0.74,136.0,1
2706,63563817,0.48,0.0,,0
2941,63563817,38.41,0.4138,643.0,0
3617,63563817,1.68,1.0,120.0,2
4017,63563817,18.21,0.6364,315.0,2
4097,63563817,37.12,0.6316,449.0,2
4101,63563817,33.58,0.6538,97.0,2
4135,63563817,1.57,1.0,,2
4177,63563817,2053.55,0.4145,483.0,1
4195,63563817,25.1,1.0,57.0,2
5257,63563817,12.66,1.0,55.0,2
5374,63563817,73.72,0.75,75.0,1
5649,63563817,9.69,0.8,466.0,2
6082,63563817,1.85,1.0,12.0,2
6083,63563817,22.89,0.4375,371.0,0
6224,63563817,3.44,1.0,11.0,2
6245,63563817,6.07,0.0,1360.0,0
228,63563817,4.64,1.0,62.0,2
925,63563817,109.28,0.9231,44.0,1
990,63563817,12.69,0.7143,415.0,2
1108,63563817,1.73,1.0,25.0,2
1186,63563817,55.07,0.8974,146.0,2
1517,63563817,9.07,0.8333,11.0,2
1567,63563817,367.4,0.6996,208.0,1
1583,63563817,0.48,1.0,120.0,2
1667,63563817,93.58,0.8824,101.0,1
2123,63563817,72.85,0.75,249.0,1
2212,63563817,3.45,1.0,61.0,2
2294,63563817,6.61,1.0,15.0,2
2505,63563817,13.67,0.875,85.0,2
2889,63563817,14.0,1.0,20.0,2
2892,63563817,148.25,0.82,140.0,1
2980,63563817,1.88,1.0,1.0,2
2985,63563817,1810.51,0.8828,84.0,1
3106,63563817,18.29,0.7273,78.0,2
3169,63563817,1047.53,0.8812,64.0,1
3180,63563817,3.89,0.6667,676.0,2
3304,63563817,17.28,0.8182,84.0,2
3501,63563817,1.01,0.0,,0
3732,63563817,62.1,0.9,22.0,2
3818,63563817,5.74,0.0,54.0,0
4048,63563817,9.39,0.5,563.0,0
4126,63563817,8.95,1.0,46.0,2
4155,63563817,5.39,0.6667,30.0,2
4403,63563817,25.77,0.4444,413.0,0
4675,63563817,22.54,0.7059,172.0,2
4713,63563817,4.68,0.0,278.0,0
4773,63563817,205.93,0.9248,58.0,1
4791,63563817,24.87,0.3846,617.0,0
4827,63563817,96.36,0.7097,256.0,1
5010,63563817,63.52,0.8444,114.0,2
5134,63563817,168.35,0.6371,296.0,1
5267,63563817,110.96,0.8214,167.0,1
5330,63563817,121.6,0.4861,767.0,1
5418,63563817,15.18,0.375,699.0,0
5592,63563817,28.18,0.9375,34.0,2
5701,63563817,25.42,0.7857,191.0,2
5812,63563817,5.56,0.75,192.0,2
5840,63563817,3.66,1.0,16.0,2
6325,63563817,83.51,0.9153,94.0,2
6352,63563817,70.17,0.375,387.0,0
6364,63563817,0.9,1.0,7.0,2
1048,495403620,1263.59,0.082,670.0,1
1607,495403620,1149.42,0.0958,710.0,1
3989,495403620,75197.1,0.0814,631.0,1
5778,495403620,46615.59,0.0839,653.0,1
2,495403620,14.89,0.8333,86.0,2
6,495403620,4.69,1.0,72.0,2
14,495403620,1.48,1.0,1.0,2
31,495403620,0.83,0.0,,0
33,495403620,20.07,0.9375,40.0,2
55,495403620,0.9,1.0,120.0,2
57,495403620,5.02,1.0,2.0,2
62,495403620,5.88,0.8333,372.0,2
104,495403620,210.57,0.8636,64.0,1
149,495403620,1.23,1.0,120.0,2
151,495403620,48.47,0.875,73.0,2
154,495403620,50.67,0.9615,94.0,2
175,495403620,6.73,1.0,10.0,2
190,495403620,4.14,1.0,21.0,2
217,495403620,27.42,0.8333,73.0,2
235,495403620,46.26,0.7667,161.0,2
255,495403620,30.98,0.8571,42.0,2
306,495403620,0.65,0.0,40.0,0
338,495403620,19.59,0.9,49.0,2
400,495403620,79.42,0.9057,76.0,2
427,495403620,14.62,1.0,3.0,2
438,495403620,10.63,0.8571,133.0,2
444,495403620,11427.64,0.1014,598.0,1
523,495403620,9.83,0.75,298.0,2
524,495403620,8.95,0.8,176.0,2
528,495403620,1.27,0.0,,0
552,495403620,0.94,1.0,1.0,2
570,495403620,4.51,1.0,62.0,2
646,495403620,4.58,1.0,96.0,2
652,495403620,2.01,0.5,63.0,0
665,495403620,893.04,0.7539,174.0,1
700,495403620,111.9,0.6778,186.0,1
703,495403620,1.38,1.0,6.0,2
711,495403620,0.81,0.0,,0
734,495403620,1.77,1.0,44.0,2
755,495403620,5.73,0.8333,235.0,2
859,495403620,32.11,0.6364,626.0,2
875,495403620,1047.58,0.8092,149.0,1
909,495403620,5.4,0.0,,0
958,495403620,0.37,1.0,12.0,2
982,495403620,9.1,0.9,20.0,2
1018,495403620,102.67,0.5556,376.0,1
1040,495403620,5.45,0.5,261.0,0
1049,495403620,1.61,1.0,2.0,2
1092,495403620,24.51,0.875,329.0,2
1094,495403620,2.51,1.0,177.0,2
1164,495403620,18.53,0.4615,206.0,0
1241,495403620,3.09,0.75,462.0,2
1257,495403620,212.08,0.5614,344.0,1
1268,495403620,9.13,1.0,5.0,2
1270,495403620,3.53,1.0,3.0,2
1285,495403620,2.38,1.0,2.0,2
1314,495403620,23.63,0.8462,148.0,2
1316,495403620,45.15,1.0,112.0,2
1318,495403620,1364.38,0.8394,130.0,1
1327,495403620,1.34,1.0,6.0,2
1332,495403620,7.5,0.6667,175.0,2
1339,495403620,1.29,1.0,11.0,2
1373,495403620,0.49,1.0,15.0,2
1439,495403620,5.2,0.5,99.0,0
1465,495403620,0.97,0.0,214.0,0
1475,495403620,0.64,1.0,120.0,2
1513,495403620,33.69,0.9474,59.0,2
1531,495403620,3.87,0.5714,63.0,2
1647,495403620,1.1,0.0,,0
1655,495403620,968.54,0.8632,105.0,1
1666,495403620,16.26,0.5,160.0,0
1676,495403620,270.03,0.75,199.0,1
1719,495403620,5.28,1.0,79.0,2
1735,495403620,62.35,0.8718,170.0,2
1752,495403620,4.32,0.5,291.0,0
1764,495403620,12.51,0.2727,582.0,0
1802,495403620,217.36,0.5875,326.0,1
1921,495403620,1.63,1.0,22.0,2
2006,495403620,4.41,1.0,63.0,2
2043,495403620,1.63,0.0,,0
2093,495403620,2.33,1.0,6.0,2
2113,495403620,32.61,0.875,145.0,2
2176,495403620,17.75,0.6667,376.0,2
2178,495403620,1.35,1.0,120.0,2
2186,495403620,2.48,1.0,10.0,2
2188,495403620,5.13,1.0,10.0,2
2226,495403620,43.74,0.7714,178.0,2
2351,495403620,42.25,0.8182,47.0,2
2354,495403620,2.88,0.0,1618.0,0
2370,495403620,1.26,1.0,3.0,2
2432,495403620,3.85,1.0,38.0,2
2525,495403620,13.42,1.0,30.0,2
2534,495403620,6.02,1.0,53.0,2
2541,495403620,21686.91,0.4974,328.0,1
2547,495403620,2.17,1.0,3.0,2
2551,495403620,2.83,0.5,276.0,0
2579,495403620,41.09,0.9,55.0,2
2584,495403620,115.98,0.9412,39.0,1
2602,495403620,14.01,0.7143,10.0,2
2633,495403620,60.22,0.7576,252.0,2
2682,495403620,6.07,0.25,888.0,0
2690,495403620,5.24,1.0,48.0,2
2723,495403620,340.06,0.7402,206.0,1
2738,495403620,2.73,1.0,120.0,2
2748,495403620,43.02,0.6,347.0,2
2780,495403620,95.7,0.7119,195.0,1
2795,495403620,3.49,1.0,85.0,2
2813,495403620,5.37,1.0,51.0,2
2834,495403620,1.88,1.0,4.0,2
2843,495403620,150.65,0.814,123.0,1
2854,495403620,4.83,1.0,57.0,2
2855,495403620,15.1,1.0,120.0,2
2874,495403620,5435.94,0.3591,411.0,1
2890,495403620,6.51,0.8,48.0,2
2919,495403620,8.23,0.8182,235.0,2
2955,495403620,3.09,1.0,3.0,2
2993,495403620,22.18,0.8462,328.0,2
2996,495403620,74.77,0.2692,487.0,0
2997,495403620,184.97,0.7664,108.0,1
3008,495403620,45.41,0.6042,319.0,2
3064,495403620,13.2,0.9,60.0,2
3070,495403620,9.57,0.6,61.0,2
3093,495403620,0.32,0.0,,0
3135,495403620,2.7,0.5,1001.0,0
3153,495403620,0.72,1.0,120.0,2
3165,495403620,53.44,0.875,128.0,2
3222,495403620,1.65,1.0,2.0,2
3327,495403620,22.08,0.7,539.0,2
3352,495403620,37.67,0.9524,122.0,2
3353,495403620,0.8,1.0,,2
3374,495403620,2398.88,0.2606,480.0,1
3379,495403620,31.79,0.65,369.0,2
3382,495403620,1533.0,0.4779,384.0,1
3393,495403620,298.34,0.7182,103.0,1
3416,495403620,4.17,1.0,120.0,2
3417,495403620,6.95,0.6,33.0,2
3451,495403620,2.63,0.5,14.0,0
3548,495403620,11.61,0.9167,279.0,2
3567,495403620,1.35,1.0,25.0,2
3575,495403620,160.27,0.5,370.0,1
3659,495403620,5.77,1.0,184.0,2
3677,495403620,6.93,1.0,44.0,2
3769,495403620,1.24,1.0,3.0,2
3922,495403620,2.35,1.0,25.0,2
3923,495403620,14.78,0.4286,930.0,0
3962,495403620,8.52,1.0,44.0,2
3973,495403620,4.8,0.8,77.0,2
3989,495403620,106.06,0.4483,394.0,1
4002,495403620,26.24,0.75,288.0,2
4016,495403620,48.68,0.6522,172.0,2
4046,495403620,21.51,0.8235,55.0,2
4047,495403620,50.95,0.7778,326.0,2
4052,495403620,1.19,1.0,9.0,2
4158,495403620,36.54,0.92,98.0,2
4163,495403620,0.49,1.0,1.0,2
4165,495403620,36.37,0.8095,153.0,2
4171,495403620,1.68,1.0,8.0,2
4188,495403620,1533.24,0.5805,286.0,1
4189,495403620,19.42,0.6667,57.0,2
4251,495403620,1.23,0.0,,0
4321,495403620,89.22,0.566,525.0,1
4331,495403620,16.86,1.0,48.0,2
4388,495403620,8.28,1.0,32.0,2
4422,495403620,5.1,0.6,1425.0,2
4479,495403620,7.22,1.0,52.0,2
4480,495403620,21.87,0.9091,34.0,2
4498,495403620,3.53,1.0,120.0,2
4529,495403620,1.62,1.0,2.0,2
4560,495403620,15.29,0.6667,121.0,2
4581,495403620,3.58,1.0,63.0,2
4594,495403620,20.64,1.0,40.0,2
4613,495403620,5.38,1.0,80.0,2
4634,495403620,375.36,0.5534,438.0,1
4637,495403620,5.75,1.0,54.0,2
4706,495403620,6.41,0.8889,94.0,2
4717,495403620,1.77,1.0,15.0,2
4762,495403620,0.97,1.0,2.0,2
4828,495403620,11.05,0.5,199.0,0
4865,495403620,61.99,0.84,64.0,2
4888,495403620,33.02,0.7083,202.0,2
4914,495403620,2.05,1.0,92.0,2
4927,495403620,22.07,0.8,61.0,2
4931,495403620,0.81,1.0,1.0,2
4935,495403620,10.31,1.0,33.0,2
4949,495403620,21.56,0.9286,59.0,2
4960,495403620,10.94,0.7273,46.0,2
5035,495403620,66.79,0.9167,104.0,2
5064,495403620,1.33,1.0,43.0,2
5126,495403620,10.69,1.0,21.0,2
5163,495403620,2.85,1.0,3.0,2
5229,495403620,28.35,1.0,54.0,2
5249,495403620,371.71,0.9457,71.0,1
5306,495403620,13.59,0.8889,66.0,2
5313,495403620,11.64,0.7857,171.0,2
5314,495403620,0.29,1.0,,2
5395,495403620,1.19,0.0,,0
5406,495403620,6.44,1.0,77.0,2
5436,495403620,17.1,0.4545,297.0,0
5467,495403620,9.29,1.0,36.0,2
5495,495403620,1.56,0.625,174.0,2
5508,495403620,1.4,0.0,,0
5534,495403620,0.1,0.0,,0
5549,495403620,3.05,1.0,2.0,2
5588,495403620,1.37,1.0,3.0,2
5629,495403620,1.1,0.0,,0
5643,495403620,5.44,1.0,3.0,2
5661,495403620,33.08,0.8947,100.0,2
5696,495403620,54.85,0.9375,76.0,2
5702,495403620,22.93,0.8182,77.0,2
5703,495403620,2433.25,0.7268,229.0,1
5705,495403620,134.41,0.56,209.0,1
5721,495403620,20.77,0.9444,150.0,2
5767,495403620,10.18,0.8571,23.0,2
5779,495403620,15.29,1.0,19.0,2
5795,495403620,31.96,0.9231,119.0,2
5862,495403620,5.94,1.0,33.0,2
5888,495403620,1.8,1.0,1.0,2
5911,495403620,29.26,0.4375,335.0,0
5912,495403620,2.7,0.25,315.0,0
5921,495403620,11.58,0.8333,44.0,2
5964,495403620,1774.21,0.8364,111.0,1
6017,495403620,4.12,0.6667,517.0,2
6027,495403620,501.74,0.25,720.0,1
6028,495403620,4.42,0.5,43.0,0
6039,495403620,2.31,1.0,6.0,2
6093,495403620,6.74,0.6667,652.0,2
6106,495403620,1.1,0.0,47.0,0
6149,495403620,60.82,0.9091,171.0,2
6152,495403620,7.16,1.0,33.0,2
6157,495403620,4.06,0.6667,72.0,2
6159,495403620,43.15,0.75,41.0,2
6164,495403620,0.15,1.0,1.0,2
6198,495403620,0.27,1.0,120.0,2
6210,495403620,1.06,1.0,41.0,2
6229,495403620,19.34,0.9333,503.0,2
6261,495403620,18916.77,0.8917,106.0,1
6298,495403620,1983.14,0.7867,202.0,1
6360,495403620,10735.93,0.6879,230.0,1
6366,495403620,8.41,1.0,32.0,2
6372,495403620,8.06,1.0,76.0,2
6377,495403620,20.2,0.08,761.0,0
6383,495403620,4.85,1.0,2.0,2
6440,495403620,2.62,1.0,453.0,2
6474,495403620,120.04,0.5366,265.0,1
6500,495403620,116.38,0.4595,252.0,1
6504,495403620,36.72,0.7619,134.0,2
6538,495403620,22.9,0.7222,345.0,2
6542,495403620,7.58,1.0,28.0,2
6560,495403620,4.72,0.5,527.0,0
6574,495403620,56.31,0.6216,267.0,1
6617,495403620,318.27,0.858,99.0,1
64,495817671,6.47,1.0,25.0,2
108,495817671,2.28,0.5,6.0,0
110,495817671,2838.16,0.2866,448.0,1
114,495817671,5.49,1.0,64.0,2
136,495817671,20.16,0.7931,118.0,2
235,495817671,123.8,0.7952,196.0,1
243,495817671,12.22,0.3333,226.0,0
292,495817671,0.96,1.0,1.0,2
299,495817671,121.03,0.7143,231.0,1
308,495817671,83.0,0.7167,196.0,1
316,495817671,49.94,1.0,94.0,2
353,495817671,2953.6,0.8257,148.0,1
370,495817671,3.46,0.1429,236.0,0
381,495817671,0.31,1.0,3.0,2
391,495817671,11.9,0.6667,245.0,2
444,495817671,241.33,0.1414,551.0,0
445,495817671,8.59,0.8571,132.0,2
456,495817671,26.44,0.7727,76.0,2
505,495817671,128.05,0.7722,100.0,1
518,495817671,1.57,0.5,156.0,0
530,495817671,74.08,0.8169,56.0,2
584,495817671,0.24,1.0,13.0,2
617,495817671,5.13,1.0,6.0,2
677,495817671,1.39,1.0,120.0,2
679,495817671,200.65,0.925,85.0,1
714,495817671,5.76,1.0,39.0,2
735,495817671,18.17,0.8333,87.0,2
798,495817671,0.89,1.0,98.0,2
815,495817671,2298.65,0.7592,154.0,1
847,495817671,19.53,0.5833,184.0,2
858,495817671,10.73,0.8824,85.0,2
875,495817671,47.51,0.72,311.0,2
890,495817671,56.98,0.9783,86.0,2
965,495817671,12.3,0.875,129.0,2
1018,495817671,0.15,0.0,,0
1040,495817671,6.4,1.0,65.0,2
1041,495817671,2.11,1.0,90.0,2
1056,495817671,1.01,1.0,,2
1089,495817671,396.88,0.5259,419.0,1
1090,495817671,14.8,0.7778,84.0,2
1092,495817671,4.16,0.6667,251.0,2
1150,495817671,33.45,0.9231,29.0,2
1152,495817671,20.59,0.96,65.0,2
1164,495817671,237.11,0.5455,335.0,1
1185,495817671,3.09,0.75,24.0,2
1207,495817671,115.45,0.8289,91.0,1
1242,495817671,10.75,0.7778,114.0,2
1243,495817671,13.53,1.0,72.0,2
1265,495817671,1.37,1.0,1.0,2
1287,495817671,3.95,1.0,73.0,2
1314,495817671,14.45,0.6364,53.0,2
1364,495817671,41.04,1.0,63.0,2
1365,495817671,3.6,0.75,82.0,2
1377,495817671,1.03,1.0,120.0,2
1390,495817671,18.22,0.9375,68.0,2
1424,495817671,2592.53,0.8839,97.0,1
1425,495817671,50.01,0.9091,156.0,2
1437,495817671,0.91,1.0,2.0,2
1438,495817671,1912.61,0.6199,276.0,1
1486,495817671,73.03,0.8333,101.0,2
1524,495817671,5.5,1.0,49.0,2
1566,495817671,0.93,0.0,104.0,0
1575,495817671,33.9,0.5,508.0,0
1581,495817671,17.82,0.8571,45.0,2
1590,495817671,126.84,0.8281,137.0,1
1608,495817671,0.89,1.0,120.0,2
1656,495817671,0.51,1.0,62.0,2
1666,495817671,28.78,0.7,201.0,2
1691,495817671,1.24,1.0,120.0,2
1707,495817671,50.61,1.0,80.0,2
1723,495817671,3.03,1.0,80.0,2
1738,495817671,162.44,0.8454,85.0,1
1754,495817671,2.05,1.0,32.0,2
1785,495817671,44.38,0.902,142.0,2
1817,495817671,115.52,0.9186,102.0,1
1824,495817671,4.04,1.0,106.0,2
1844,495817671,8.64,0.6364,329.0,2
1853,495817671,4.59,1.0,230.0,2
1914,495817671,14.49,0.8333,202.0,2
1924,495817671,1649.24,0.7829,165.0,1
1976,495817671,58.12,0.8378,139.0,2
1981,495817671,375.87,0.8894,126.0,1
1983,495817671,5.04,0.6667,21.0,2
2019,495817671,901.8,0.7208,166.0,1
2096,495817671,5.78,0.6667,49.0,2
2097,495817671,0.91,0.0,,0
2124,495817671,5.91,0.8333,29.0,2
2125,495817671,0.15,0.0,,0
2128,495817671,32.54,0.8571,125.0,2
2129,495817671,1.95,1.0,1.0,2
2152,495817671,18.12,0.6667,69.0,2
2195,495817671,0.65,1.0,120.0,2
2203,495817671,0.78,1.0,289.0,2
2280,495817671,13.66,0.8571,58.0,2
2320,495817671,55.43,0.9211,101.0,2
2354,495817671,2.39,0.0,126.0,0
2367,495817671,3.84,1.0,64.0,2
2383,495817671,19.2,0.9655,45.0,2
2390,495817671,22.25,0.8333,84.0,2
2432,495817671,2.71,1.0,8.0,2
2438,495817671,663.8,0.7393,236.0,1
2479,495817671,0.8,1.0,120.0,2
2501,495817671,15.12,0.7778,390.0,2
2516,495817671,1.29,1.0,70.0,2
2524,495817671,20.21,0.8,45.0,2
2527,495817671,2.29,0.0,,0
2533,495817671,19372.48,0.6791,148.0,1
2541,495817671,1719.88,0.4544,346.0,1
2586,495817671,1676.01,0.7976,129.0,1
2629,495817671,4.43,1.0,82.0,2
2699,495817671,1.08,1.0,129.0,2
2727,495817671,11.66,1.0,45.0,2
2745,495817671,2.05,1.0,1.0,2
2793,495817671,17.12,0.875,102.0,2
2814,495817671,2.07,1.0,62.0,2
2821,495817671,1327.25,0.7814,140.0,1
2825,495817671,10.3,0.75,298.0,2
2855,495817671,42.31,0.8444,60.0,2
2869,495817671,57.95,0.8409,118.0,2
2874,495817671,6.68,1.0,263.0,2
2891,495817671,4.31,0.6667,115.0,2
2896,495817671,6.25,1.0,26.0,2
2899,495817671,1569.85,0.822,176.0,1
2933,495817671,2839.7,0.6966,195.0,1
2966,495817671,1.5,0.0,,0
2987,495817671,442.84,0.9145,111.0,1
2997,495817671,0.71,0.0,37.0,0
3016,495817671,22.59,0.6875,191.0,2
3040,495817671,1.98,1.0,65.0,2
3082,495817671,5.14,0.0,403.0,0
3104,495817671,18.62,1.0,25.0,2
3112,495817671,8.5,1.0,49.0,2
3127,495817671,5.8,0.8,351.0,2
3132,495817671,36.2,0.7111,443.0,2
3135,495817671,240.28,0.8429,186.0,1
3149,495817671,1.86,1.0,120.0,2
3157,495817671,88.98,0.8857,74.0,2
3215,495817671,203.86,0.1604,679.0,0
3303,495817671,3.47,1.0,95.0,2
3327,495817671,84.29,0.7917,151.0,1
3382,495817671,14.26,0.6429,90.0,2
3412,495817671,77.97,0.7556,80.0,1
3416,495817671,10.74,0.875,92.0,2
3417,495817671,15.19,0.8,478.0,2
3420,495817671,1.26,1.0,7.0,2
3437,495817671,1.98,1.0,17.0,2
3443,495817671,7.46,1.0,105.0,2
3505,495817671,0.5,1.0,120.0,2
3526,495817671,29.64,0.7895,121.0,2
3539,495817671,0.89,0.5,5099.0,0
3549,495817671,14.61,1.0,52.0,2
3567,495817671,33494.72,0.6059,185.0,1
3575,495817671,1246.44,0.6395,291.0,1
3587,495817671,1331.48,0.586,145.0,1
3678,495817671,3.98,0.75,127.0,2
3714,495817671,1.0,1.0,27.0,2
3774,495817671,2.56,0.875,68.0,2
3784,495817671,6.91,1.0,58.0,2
3809,495817671,17.29,0.75,107.0,2
3830,495817671,53.31,0.7935,134.0,2
3842,495817671,1.8,0.0,38.0,0
3873,495817671,1.53,0.0,118.0,0
3877,495817671,1.5,1.0,2.0,2
3882,495817671,2.83,1.0,25.0,2
3905,495817671,115.64,0.5333,419.0,1
3913,495817671,0.45,1.0,120.0,2
3964,495817671,15.17,0.6,197.0,2
3973,495817671,7.09,1.0,50.0,2
3989,495817671,8240.76,0.1738,567.0,1
4001,495817671,1.61,1.0,120.0,2
4002,495817671,194.96,0.68,321.0,1
4016,495817671,5.08,0.75,565.0,2
4054,495817671,1793.1,0.7342,146.0,1
4056,495817671,5.66,1.0,11.0,2
4110,495817671,1.55,1.0,62.0,2
4158,495817671,11.34,0.6667,301.0,2
4173,495817671,27.6,0.88,170.0,2
4177,495817671,1.93,1.0,24.0,2
4190,495817671,21.98,0.4762,87.0,0
4244,495817671,14.34,0.9375,181.0,2
4256,495817671,187.93,0.8125,194.0,1
4280,495817671,19.71,0.913,58.0,2
4286,495817671,1.71,0.0,230.0,0
4331,495817671,10.97,0.9167,162.0,2
4355,495817671,19.69,0.8182,263.0,2
4467,495817671,9.91,0.9231,32.0,2
4538,495817671,5.54,1.0,4.0,2
4539,495817671,25.13,0.9048,56.0,2
4546,495817671,33.96,0.9259,82.0,2
4563,495817671,1429.75,0.854,130.0,1
4579,495817671,193.14,0.9048,94.0,1
4593,495817671,5.08,0.4,63.0,0
4606,495817671,1.3,0.0,,0
4652,495817671,194.44,0.8378,73.0,1
4688,495817671,2.48,0.6667,638.0,2
4718,495817671,1.41,0.0,,0
4721,495817671,18.53,0.72,191.0,2
4735,495817671,8.0,0.9,54.0,2
4751,495817671,453.98,0.7905,180.0,1
4760,495817671,2556.38,0.7647,242.0,1
4762,495817671,3.14,1.0,293.0,2
4776,495817671,17.93,0.9,44.0,2
4782,495817671,42.62,0.8857,76.0,2
4804,495817671,24.55,0.619,96.0,2
4807,495817671,0.31,0.0,117.0,0
4828,495817671,159.62,0.7857,201.0,1
4832,495817671,171.45,0.7231,162.0,1
4843,495817671,12.41,0.9444,46.0,2
4854,495817671,7.17,1.0,58.0,2
4887,495817671,167.05,0.8592,128.0,1
4923,495817671,2.4,0.3333,244.0,0
4927,495817671,150.07,0.72,193.0,1
4931,495817671,1.62,1.0,62.0,2
4995,495817671,182.38,0.8537,105.0,1
5009,495817671,2.96,0.75,60.0,2
5027,495817671,0.1,1.0,120.0,2
5048,495817671,2.15,1.0,3.0,2
5050,495817671,13.37,1.0,35.0,2
5061,495817671,1.26,1.0,120.0,2
5082,495817671,0.74,0.0,,0
5194,495817671,1244.51,0.9338,118.0,1
5199,495817671,2.75,0.5,4.0,0
5210,495817671,12400.94,0.408,379.0,1
5273,495817671,0.36,1.0,1.0,2
5284,495817671,0.91,1.0,4.0,2
5288,495817671,41.91,0.9375,61.0,2
5304,495817671,299.99,0.5352,293.0,1
5345,495817671,140.22,0.7429,246.0,1
5428,495817671,3.11,1.0,7.0,2
5486,495817671,1121.76,0.7955,234.0,1
5493,495817671,6217.86,0.8329,153.0,1
5501,495817671,0.59,1.0,2.0,2
5527,495817671,13.68,0.9643,90.0,2
5602,495817671,1.5,1.0,524.0,2
5621,495817671,200.67,0.9398,63.0,1
5626,495817671,1662.23,0.868,137.0,1
5630,495817671,5131.63,0.9174,91.0,1
5653,495817671,13.05,0.9286,72.0,2
5655,495817671,3.04,1.0,63.0,2
5679,495817671,28.92,0.8261,109.0,2
5702,495817671,924.69,0.8919,96.0,1
5713,495817671,42.48,0.875,60.0,2
5723,495817671,16.57,1.0,93.0,2
5734,495817671,4.55,0.75,93.0,2
5742,495817671,1.27,1.0,4.0,2
5767,495817671,18.66,0.9091,48.0,2
5783,495817671,170.77,0.8571,129.0,1
5795,495817671,1.29,1.0,1.0,2
5813,495817671,2.31,1.0,43.0,2
5832,495817671,5.52,1.0,25.0,2
5834,495817671,1229.83,0.8879,160.0,1
5870,495817671,7.27,1.0,28.0,2
5895,495817671,40.9,0.95,46.0,2
5980,495817671,9.57,1.0,43.0,2
6004,495817671,42.67,0.8065,126.0,2
6091,495817671,6.28,0.5,466.0,0
6119,495817671,1007.59,0.8915,86.0,1
6133,495817671,76.35,0.575,173.0,1
6148,495817671,12.03,0.8462,51.0,2
6154,495817671,4.51,1.0,34.0,2
6157,495817671,6.75,0.6,366.0,2
6159,495817671,2951.62,0.8262,168.0,1
6209,495817671,7.2,1.0,2.0,2
6250,495817671,3.0,1.0,80.0,2
6256,495817671,127.35,0.8235,125.0,1
6261,495817671,136.68,0.619,635.0,1
6270,495817671,0.9,1.0,5.0,2
6280,495817671,3.71,1.0,24.0,2
6315,495817671,20.1,1.0,100.0,2
6360,495817671,31984.96,0.6224,273.0,1
6378,495817671,1.85,1.0,5.0,2
6463,495817671,127.09,0.4091,401.0,1
6474,495817671,23.07,0.625,273.0,2
6486,495817671,186.06,0.463,267.0,1
6489,495817671,1542.48,0.8906,109.0,1
6504,495817671,269.55,0.814,184.0,1
6510,495817671,45.13,0.3333,517.0,0
6538,495817671,1.11,1.0,9.0,2
6578,495817671,9.86,1.0,18.0,2
6596,495817671,1.48,1.0,1.0,2
6617,495817671,17.81,0.7,324.0,2
434,500635396,18.54,0.7143,50.0,2
509,500635396,2532.96,0.5478,192.0,1
797,500635396,8332.06,0.6722,213.0,1
844,500635396,38287.88,0.5177,229.0,1
861,500635396,4227.49,0.5787,239.0,1
998,500635396,2.91,0.0,189.0,0
1934,500635396,4656.78,0.6731,189.0,1
1998,500635396,418.66,0.494,369.0,1
2253,500635396,70.6,0.6364,295.0,1
2533,500635396,172871.87,0.5621,222.0,1
2818,500635396,13968.87,0.6439,136.0,1
2832,500635396,164553.1,0.5672,212.0,1
2874,500635396,103832.28,0.5535,234.0,1
2992,500635396,10.54,0.0,686.0,0
3366,500635396,513.5,0.5176,236.0,1
3408,500635396,12956.21,0.5714,229.0,1
3567,500635396,38819.52,0.6115,175.0,1
3587,500635396,7.03,0.3333,77.0,0
4127,500635396,20.95,0.8333,46.0,2
4196,500635396,657.56,0.659,152.0,1
4482,500635396,1556.31,0.6404,197.0,1
4536,500635396,48121.97,0.575,196.0,1
4721,500635396,72765.96,0.57,222.0,1
4766,500635396,83.21,0.625,101.0,1
5166,500635396,3.88,1.0,120.0,2
5331,500635396,4160.45,0.7037,152.0,1
5337,500635396,727.12,0.5821,193.0,1
5553,500635396,71798.68,0.5765,187.0,1
5573,500635396,10656.71,0.5927,209.0,1
5867,500635396,24613.57,0.5599,213.0,1
5874,500635396,18.64,0.6,100.0,2
6001,500635396,182.78,0.5385,327.0,1
6023,500635396,344.18,0.6667,207.0,1
6133,500635396,2.08,1.0,120.0,2
6180,500635396,1896.27,0.4804,337.0,1
6271,500635396,17.47,1.0,53.0,2
6434,500635396,89.74,0.7619,68.0,1
6452,500635396,5.59,1.0,33.0,2
6660,500635396,4349.38,0.7072,181.0,1
389,500635396,6387.87,0.7273,68.0,1
416,500635396,2417.24,0.6579,186.0,1
1900,500635396,0.8,1.0,13.0,2
3371,500635396,4326.98,0.6543,61.0,1
3785,500635396,11.91,1.0,9.0,2
3897,500635396,12164.19,0.7423,257.0,1
4956,500635396,0.65,0.0,,0
5248,500635396,1.81,1.0,120.0,2
5453,500635396,1623.0,0.6667,39.0,1
5963,500635396,2.98,1.0,4.0,2
6656,500635396,2.09,1.0,2.0,2
232,500635396,2235.16,0.6848,189.0,1
4514,500635396,5.52,0.0,438.0,0
6586,500635396,4114.5,0.6409,211.0,1
3457,500635396,13.65,0.25,187.0,0
4229,500635396,65.11,0.4082,254.0,0
32,525368335,0.8,1.0,3.0,2
33,525368335,183.41,0.7288,108.0,1
47,525368335,0.38,0.0,724.0,0
48,525368335,58.58,1.0,43.0,2
61,525368335,6.13,0.75,13.0,2
74,525368335,0.73,0.0,,0
91,525368335,36.38,1.0,120.0,2
110,525368335,1.5,1.0,120.0,2
113,525368335,1.44,1.0,9.0,2
144,525368335,26.87,1.0,73.0,2
154,525368335,1.48,0.0,,0
159,525368335,1.03,1.0,3.0,2
162,525368335,14.99,1.0,62.0,2
172,525368335,0.95,1.0,3.0,2
181,525368335,165.4,0.6875,134.0,1
202,525368335,6.04,0.8,87.0,2
206,525368335,122.53,0.8125,93.0,1
213,525368335,1.1,1.0,1.0,2
235,525368335,1.29,1.0,2.0,2
257,525368335,3.48,0.3333,794.0,0
263,525368335,1.31,1.0,15.0,2
268,525368335,10.55,0.8571,78.0,2
270,525368335,263.36,0.6512,163.0,1
295,525368335,2.99,0.6667,8.0,2
303,525368335,1.3,1.0,62.0,2
307,525368335,7.98,0.6667,946.0,2
317,525368335,5.17,1.0,2.0,2
363,525368335,1.21,0.0,187.0,0
377,525368335,2.08,1.0,120.0,2
378,525368335,0.59,0.0,,0
396,525368335,4.0,0.75,132.0,2
432,525368335,2.08,0.0,,0
433,525368335,438.82,0.4746,375.0,1
435,525368335,0.7,0.0,,0
461,525368335,13.69,1.0,101.0,2
469,525368335,124.59,0.7143,438.0,1
472,525368335,2.19,0.6667,22.0,2
493,525368335,0.55,0.0,,0
501,525368335,1.81,1.0,165.0,2
516,525368335,7.59,0.6667,87.0,2
543,525368335,1.58,1.0,42.0,2
557,525368335,111.75,0.6,169.0,1
560,525368335,1.56,0.0,239.0,0
561,525368335,1.12,1.0,120.0,2
568,525368335,2.89,0.0,262.0,0
572,525368335,126.06,0.9474,45.0,1
579,525368335,12.94,0.6154,85.0,2
588,525368335,11.97,1.0,15.0,2
597,525368335,0.87,1.0,3.0,2
609,525368335,7.94,0.5,238.0,0
618,525368335,8.11,0.6667,128.0,2
625,525368335,33.59,0.84,96.0,2
640,525368335,432.45,0.3871,337.0,1
644,525368335,0.97,1.0,64.0,2
653,525368335,570.08,0.597,259.0,1
660,525368335,2.76,0.5,25.0,0
661,525368335,2.71,1.0,15.0,2
666,525368335,6.06,0.75,210.0,2
669,525368335,1.5,1.0,120.0,2
674,525368335,5.07,1.0,62.0,2
709,525368335,1363.47,0.9787,79.0,1
710,525368335,6.56,0.8571,98.0,2
720,525368335,30.61,0.875,71.0,2
725,525368335,6.12,1.0,63.0,2
735,525368335,23.37,0.7692,261.0,2
751,525368335,118.97,0.5294,589.0,1
752,525368335,5.46,1.0,74.0,2
759,525368335,12.71,0.8,82.0,2
766,525368335,6.28,1.0,6.0,2
785,525368335,0.15,1.0,120.0,2
809,525368335,6.97,0.5,60.0,0
810,525368335,1.87,1.0,8.0,2
829,525368335,112.68,0.5625,234.0,1
831,525368335,1.96,0.5,148.0,0
836,525368335,22.95,0.7895,119.0,2
848,525368335,8.34,0.5714,254.0,2
874,525368335,16.71,0.7692,140.0,2
884,525368335,4.94,1.0,42.0,2
888,525368335,244.33,0.5769,291.0,1
901,525368335,2.85,1.0,8.0,2
905,525368335,0.75,0.0,,0
911,525368335,1.96,1.0,64.0,2
912,525368335,116.42,1.0,252.0,2
926,525368335,1346.58,0.954,120.0,1
937,525368335,286.55,0.908,103.0,1
944,525368335,1.08,1.0,83.0,2
954,525368335,22.07,0.72,249.0,2
957,525368335,11.4,0.4444,121.0,0
984,525368335,10.36,1.0,40.0,2
989,525368335,2.24,1.0,54.0,2
993,525368335,2.26,0.75,51.0,2
1010,525368335,4.3,1.0,120.0,2
1014,525368335,2.6,1.0,97.0,2
1093,525368335,6.03,0.8,17.0,2
1124,525368335,6.52,1.0,75.0,2
1131,525368335,8.44,1.0,72.0,2
1135,525368335,1.46,1.0,3.0,2
1136,525368335,0.15,1.0,10.0,2
1143,525368335,7.32,1.0,37.0,2
1149,525368335,0.37,1.0,,2
1159,525368335,10.33,0.7143,34.0,2
1167,525368335,1264.77,0.8144,111.0,1
1188,525368335,0.39,1.0,120.0,2
1194,525368335,3.39,1.0,1.0,2
1196,525368335,25.68,1.0,433.0,2
1205,525368335,12.68,0.7143,116.0,2
1209,525368335,21.0,0.7,141.0,2
1217,525368335,11.05,0.9,73.0,2
1233,525368335,3.36,0.0,225.0,0
1235,525368335,10.08,0.6,119.0,2
1236,525368335,1.34,0.0,,0
1241,525368335,24.82,0.65,177.0,2
1255,525368335,1.5,1.0,10.0,2
1257,525368335,0.61,1.0,120.0,2
1265,525368335,4.26,1.0,10.0,2
1270,525368335,16.29,0.6429,1163.0,2
1282,525368335,0.65,0.0,,0
1292,525368335,6.18,0.5714,48.0,2
1294,525368335,1.3,1.0,22.0,2
1295,525368335,0.23,1.0,5.0,2
1296,525368335,10.54,0.3333,343.0,0
1308,525368335,44.83,0.7,168.0,2
1315,525368335,0.63,0.0,,0
1318,525368335,239.2,0.8079,91.0,1
1323,525368335,16.79,0.5,247.0,0
1325,525368335,5.23,0.5,909.0,0
1327,525368335,8.67,0.4,505.0,0
1337,525368335,0.15,1.0,2.0,2
1353,525368335,113.91,0.3587,341.0,1
1370,525368335,1.66,1.0,4.0,2
1381,525368335,2.27,1.0,61.0,2
1398,525368335,5.87,0.6667,87.0,2
1402,525368335,0.75,1.0,120.0,2
1437,525368335,19.68,0.75,89.0,2
1441,525368335,34.01,0.8182,76.0,2
1523,525368335,7.77,0.8,172.0,2
1525,525368335,29.45,0.7241,400.0,2
1535,525368335,6.01,0.4,261.0,0
1561,525368335,14.9,0.8333,95.0,2
1575,525368335,33.51,0.5,60.0,0
1610,525368335,9.46,1.0,33.0,2
1617,525368335,3.61,1.0,2.0,2
1628,525368335,2.96,0.3333,254.0,0
1629,525368335,6.69,0.7143,339.0,2
1638,525368335,19.33,0.5789,120.0,2
1641,525368335,0.34,1.0,1.0,2
1649,525368335,12.97,0.6,160.0,2
1652,525368335,2.48,1.0,2.0,2
1660,525368335,24.25,0.6667,282.0,2
1672,525368335,662.43,0.9859,66.0,1
1677,525368335,24.31,0.5333,188.0,0
1678,525368335,5.64,0.75,396.0,2
1688,525368335,0.64,0.5,1179.0,0
1694,525368335,0.85,0.5,668.0,0
1705,525368335,14.22,0.7273,77.0,2
1716,525368335,3.37,0.0,17.0,0
1719,525368335,49.34,0.7381,114.0,2
1742,525368335,13.43,0.6923,105.0,2
1765,525368335,33.74,0.9286,70.0,2
1816,525368335,1.16,0.0,41.0,0
1869,525368335,16.93,1.0,118.0,2
1879,525368335,1.82,1.0,28.0,2
1881,525368335,2.24,0.3333,530.0,0
1906,525368335,0.81,1.0,,2
1916,525368335,1457.46,0.698,174.0,1
1930,525368335,6.29,0.5,478.0,0
1935,525368335,1.11,1.0,5.0,2
1939,525368335,0.2,0.0,,0
1952,525368335,23556.53,0.6368,210.0,1
1958,525368335,0.73,1.0,19.0,2
1988,525368335,0.15,1.0,1.0,2
2010,525368335,2.75,1.0,120.0,2
2019,525368335,4.98,1.0,42.0,2
2030,525368335,0.5,1.0,33.0,2
2042,525368335,0.31,1.0,5.0,2
2043,525368335,2.64,0.0,,0
2054,525368335,0.92,1.0,1728.0,2
2056,525368335,24.53,0.3684,155.0,0
2060,525368335,0.83,0.0,,0
2076,525368335,3.75,0.6667,95.0,2
2078,525368335,127.96,0.9231,86.0,1
2091,525368335,4.76,1.0,120.0,2
2093,525368335,1.85,0.6667,289.0,2
2101,525368335,3.75,0.5,172.0,0
2113,525368335,66.87,0.8776,45.0,2
2116,525368335,23.67,1.0,54.0,2
2127,525368335,16.0,0.8333,7.0,2
2147,525368335,12.55,1.0,27.0,2
2175,525368335,8.76,0.75,144.0,2
2186,525368335,8.06,0.8571,1078.0,2
2198,525368335,2.35,1.0,166.0,2
2206,525368335,32.01,0.8378,162.0,2
2217,525368335,2.02,0.5,41.0,0
2225,525368335,2.93,0.75,45.0,2
2233,525368335,16.86,0.8889,175.0,2
2243,525368335,2.54,0.5,86.0,0
2267,525368335,1.45,0.5,128.0,0
2274,525368335,15.49,0.0,,0
2278,525368335,0.72,0.0,4.0,0
2288,525368335,1.64,1.0,3.0,2
2291,525368335,2.75,0.0,,0
2295,525368335,5.07,1.0,9.0,2
2304,525368335,9.61,0.75,61.0,2
2331,525368335,3.33,1.0,64.0,2
2335,525368335,0.59,0.0,,0
2354,525368335,60.44,0.6364,197.0,1
2357,525368335,7.84,0.7143,77.0,2
2371,525368335,20.29,0.5294,209.0,0
2382,525368335,26.76,0.8182,149.0,2
2418,525368335,7.31,0.8,16.0,2
2424,525368335,6.26,1.0,1.0,2
2436,525368335,1.86,1.0,1.0,2
2442,525368335,2.2,0.0,,0
2453,525368335,2.48,1.0,120.0,2
2460,525368335,0.84,1.0,11.0,2
2467,525368335,4.9,0.0,16.0,0
2500,525368335,27.75,0.5714,223.0,2
2518,525368335,16.92,0.5833,427.0,2
2534,525368335,12.84,0.75,119.0,2
2546,525368335,12.2,0.4,251.0,0
2547,525368335,0.65,0.0,97.0,0
2553,525368335,2.88,1.0,61.0,2
2557,525368335,126.11,0.844,71.0,1
2569,525368335,8.56,0.8,152.0,2
2571,525368335,7.58,1.0,7.0,2
2572,525368335,4.75,0.75,50.0,2
2577,525368335,22.78,0.5,208.0,0
2578,525368335,18.31,0.7692,115.0,2
2586,525368335,5.37,1.0,120.0,2
2597,525368335,12.23,0.6667,106.0,2
2610,525368335,0.1,1.0,2.0,2
2616,525368335,8.53,0.8,227.0,2
2624,525368335,43.85,0.8125,71.0,2
2633,525368335,877.62,0.6834,212.0,1
2638,525368335,8.93,0.4286,304.0,0
2655,525368335,0.99,1.0,43.0,2
2668,525368335,18.74,0.7857,88.0,2
2675,525368335,1.83,0.0,140.0,0
2705,525368335,15.07,0.8462,36.0,2
2711,525368335,0.35,0.0,,0
2718,525368335,1.15,1.0,120.0,2
2719,525368335,1.63,0.6667,22.0,2
2724,525368335,17.48,0.7692,145.0,2
2731,525368335,3.0,1.0,120.0,2
2734,525368335,7.95,0.4,679.0,0
2742,525368335,2201.88,0.9227,58.0,1
2749,525368335,4.24,1.0,4.0,2
2759,525368335,1.33,0.5,397.0,0
2762,525368335,3.98,1.0,62.0,2
2767,525368335,4.47,1.0,629.0,2
2768,525368335,3.5,1.0,61.0,2
2770,525368335,1.86,1.0,61.0,2
2775,525368335,10.21,0.8333,64.0,2
2790,525368335,6.8,1.0,246.0,2
2796,525368335,0.56,1.0,120.0,2
2806,525368335,45.31,0.8293,154.0,2
2807,525368335,128.13,0.8,32.0,1
2826,525368335,0.15,1.0,2.0,2
2835,525368335,2.16,0.5,309.0,0
2843,525368335,4124.08,0.7917,117.0,1
2854,525368335,8.89,0.6667,123.0,2
2855,525368335,10.02,1.0,92.0,2
2858,525368335,7.04,0.25,283.0,0
2859,525368335,4.18,0.0,45.0,0
2877,525368335,1.46,0.5,72.0,0
2890,525368335,3.71,0.3333,2573.0,0
2904,525368335,4.24,1.0,69.0,2
2905,525368335,11.09,0.9091,83.0,2
2914,525368335,4623.04,0.7333,205.0,1
2916,525368335,1.83,1.0,1.0,2
2919,525368335,90.58,0.9079,95.0,2
2953,525368335,0.85,1.0,,2
2955,525368335,2.82,1.0,43.0,2
2961,525368335,3144.54,0.9121,95.0,1
2964,525368335,4.03,1.0,7.0,2
2976,525368335,0.15,1.0,1.0,2
2978,525368335,2698.76,0.9164,86.0,1
2990,525368335,3.5,1.0,2.0,2
2996,525368335,1.0,0.0,21.0,0
2997,525368335,35.47,0.8571,55.0,2
3024,525368335,4.23,0.6667,42.0,2
3029,525368335,1.8,0.0,51.0,0
3043,525368335,0.95,0.0,141.0,0
3045,525368335,24.51,0.3889,274.0,0
3072,525368335,5.77,1.0,70.0,2
3073,525368335,38.81,0.6,110.0,2
3078,525368335,33.02,0.6364,167.0,2
3082,525368335,1.32,1.0,1.0,2
3090,525368335,1.9,0.0,,0
3124,525368335,0.3,1.0,120.0,2
3158,525368335,1.99,1.0,11.0,2
3178,525368335,10.08,0.8889,88.0,2
3179,525368335,3.04,0.6667,1275.0,2
3181,525368335,11.07,0.75,623.0,2
3185,525368335,2.72,1.0,62.0,2
3202,525368335,32.23,0.6316,228.0,2
3211,525368335,4.96,1.0,26.0,2
3222,525368335,1176.51,0.7801,144.0,1
3267,525368335,9.34,0.6667,57.0,2
3280,525368335,30.61,0.75,218.0,2
3281,525368335,1.75,1.0,120.0,2
3300,525368335,0.1,0.0,,0
3305,525368335,10.73,0.75,32.0,2
3313,525368335,36.15,0.5143,400.0,0
3320,525368335,0.15,1.0,,2
3331,525368335,1.01,1.0,120.0,2
3352,525368335,4.01,1.0,81.0,2
3359,525368335,2.83,1.0,6.0,2
3365,525368335,1.95,0.0,70.0,0
3396,525368335,1.26,1.0,4.0,2
3413,525368335,1.41,1.0,10.0,2
3460,525368335,0.6,0.0,,0
3463,525368335,0.53,1.0,120.0,2
3473,525368335,7.85,0.75,139.0,2
3476,525368335,6.72,0.75,405.0,2
3481,525368335,8.14,0.4,474.0,0
3486,525368335,0.15,0.0,39.0,0
3487,525368335,5.23,1.0,4.0,2
3495,525368335,2.74,0.6667,226.0,2
3515,525368335,2110.21,0.6615,152.0,1
3535,525368335,9.73,0.5714,157.0,2
3541,525368335,3.12,0.0,1359.0,0
3544,525368335,0.9,0.0,444.0,0
3575,525368335,167.95,0.6,316.0,1
3595,525368335,3343.5,0.8,121.0,1
3597,525368335,44.81,0.8333,110.0,2
3634,525368335,1.18,0.0,,0
3643,525368335,3.44,1.0,96.0,2
3649,525368335,33.42,0.0,56.0,0
3665,525368335,3.95,0.6667,68.0,2
3673,525368335,0.85,0.0,,0
3692,525368335,16.38,0.5,306.0,0
3697,525368335,1.28,0.0,,0
3703,525368335,1.28,1.0,1156.0,2
3716,525368335,1.44,1.0,11.0,2
3733,525368335,0.71,1.0,120.0,2
3742,525368335,1.99,1.0,120.0,2
3749,525368335,11.54,1.0,36.0,2
3759,525368335,0.97,1.0,1.0,2
3760,525368335,9.1,0.9286,96.0,2
3769,525368335,4.68,0.8,67.0,2
3775,525368335,4.81,0.75,47.0,2
3779,525368335,2.4,0.0,,0
3843,525368335,6.63,0.4,74.0,0
3916,525368335,0.58,0.0,,0
3923,525368335,316.24,0.5263,244.0,1
3924,525368335,4.53,0.5,246.0,0
3934,525368335,4.48,0.6667,131.0,2
3936,525368335,155.23,0.8696,72.0,1
3949,525368335,13.87,1.0,124.0,2
3951,525368335,4.31,0.0,,0
3979,525368335,1.82,1.0,,2
3991,525368335,10.09,0.6,38.0,2
3996,525368335,1.7,0.75,569.0,2
4005,525368335,3.61,1.0,922.0,2
4012,525368335,1.78,0.6667,82.0,2
4025,525368335,4371.61,0.5397,264.0,1
4032,525368335,11.18,0.2727,252.0,0
4039,525368335,1.21,1.0,29.0,2
4041,525368335,0.78,0.0,15.0,0
4042,525368335,1.73,0.25,350.0,0
4045,525368335,2116.51,0.5714,341.0,1
4053,525368335,223.0,0.7333,287.0,1
4090,525368335,15.57,0.8182,59.0,2
4091,525368335,44.79,0.4,581.0,0
4108,525368335,2.36,0.0,82.0,0
4111,525368335,0.54,1.0,120.0,2
4158,525368335,4.79,1.0,312.0,2
4163,525368335,1.26,0.0,,0
4171,525368335,5.91,0.75,258.0,2
4189,525368335,8.85,0.3333,77.0,0
4202,525368335,1.12,0.0,,0
4210,525368335,13.71,0.75,130.0,2
4212,525368335,37.2,0.6667,242.0,2
4251,525368335,2.47,1.0,90.0,2
4254,525368335,0.93,1.0,120.0,2
4255,525368335,7.61,0.381,369.0,0
4260,525368335,362.82,0.913,49.0,1
4261,525368335,12.22,1.0,54.0,2
4264,525368335,0.15,1.0,2.0,2
4289,525368335,1.5,0.0,,0
4292,525368335,3.3,1.0,61.0,2
4307,525368335,1.92,0.0,71.0,0
4323,525368335,5.2,1.0,104.0,2
4333,525368335,3.45,0.5,66.0,0
4352,525368335,29.26,0.2927,677.0,0
4366,525368335,1.82,0.6667,76.0,2
4378,525368335,23.08,0.5882,87.0,2
4379,525368335,4.62,0.8,33.0,2
4393,525368335,3.55,0.0,62.0,0
4397,525368335,15.91,1.0,58.0,2
4399,525368335,2.49,0.75,62.0,2
4418,525368335,10.74,0.75,39.0,2
4420,525368335,1.53,1.0,,2
4437,525368335,129.39,0.5616,213.0,1
4443,525368335,1.39,1.0,1.0,2
4476,525368335,2.68,1.0,120.0,2
4479,525368335,18.44,0.9444,53.0,2
4480,525368335,3.63,0.5,596.0,0
4519,525368335,5.33,0.6,50.0,2
4529,525368335,8.37,1.0,73.0,2
4541,525368335,1.13,1.0,41.0,2
4544,525368335,1.61,0.5,13.0,0
4549,525368335,3.28,0.5,3529.0,0
4550,525368335,3.97,1.0,62.0,2
4557,525368335,0.52,1.0,120.0,2
4578,525368335,4.05,1.0,7.0,2
4594,525368335,2076.36,0.7826,227.0,1
4606,525368335,146.02,0.7381,101.0,1
4614,525368335,19.9,0.3684,373.0,0
4615,525368335,2.39,1.0,68.0,2
4621,525368335,9.04,0.8,153.0,2
4637,525368335,3.48,1.0,111.0,2
4638,525368335,0.37,1.0,120.0,2
4639,525368335,1.71,1.0,109.0,2
4660,525368335,0.28,1.0,6.0,2
4662,525368335,62.34,0.6216,270.0,1
4663,525368335,15.68,0.7692,159.0,2
4674,525368335,1.48,0.0,,0
4706,525368335,4.31,0.4,691.0,0
4718,525368335,2594.66,0.7243,123.0,1
4723,525368335,10.24,0.625,154.0,2
4736,525368335,0.92,0.0,,0
4739,525368335,3.37,0.8333,115.0,2
4750,525368335,2.04,1.0,7.0,2
4760,525368335,53.34,0.7714,267.0,2
4764,525368335,2.46,1.0,746.0,2
4807,525368335,2.65,0.6667,27.0,2
4815,525368335,13.7,0.8333,205.0,2
4817,525368335,0.83,1.0,13.0,2
4833,525368335,6.88,1.0,79.0,2
4845,525368335,4.63,1.0,1.0,2
4849,525368335,7.46,0.375,97.0,0
4853,525368335,18.66,1.0,7.0,2
4880,525368335,18.79,0.6,300.0,2
4891,525368335,4.61,0.5,351.0,0
4894,525368335,23.29,0.8333,150.0,2
4920,525368335,2.5,1.0,68.0,2
4937,525368335,25.77,0.7333,51.0,2
4938,525368335,36.87,0.5517,184.0,2
4939,525368335,0.33,0.0,43.0,0
4951,525368335,1.95,1.0,1.0,2
4957,525368335,15.54,0.4545,84.0,0
4968,525368335,0.59,0.0,,0
4969,525368335,9353.77,0.449,320.0,1
4987,525368335,12.34,0.8571,69.0,2
4999,525368335,9.03,0.6667,55.0,2
5013,525368335,1.65,0.5,157.0,0
5044,525368335,23.34,0.8889,98.0,2
5045,525368335,9739.85,0.6304,63.0,1
5049,525368335,0.32,0.0,22.0,0
5070,525368335,4240.55,0.8343,111.0,1
5095,525368335,13.79,0.7143,53.0,2
5111,525368335,4.1,0.6,263.0,2
5113,525368335,2.91,0.6667,99.0,2
5150,525368335,1.17,0.0,2062.0,0
5155,525368335,3.94,0.0,,0
5167,525368335,2.4,1.0,120.0,2
5182,525368335,132.06,0.7,33.0,1
5196,525368335,5.93,0.625,85.0,2
5212,525368335,242.98,0.8148,68.0,1
5219,525368335,8.05,0.75,725.0,2
5220,525368335,6.19,0.5,28.0,0
5222,525368335,6.44,0.6667,679.0,2
5228,525368335,6.63,0.6667,53.0,2
5230,525368335,0.22,0.0,,0
5242,525368335,3.64,1.0,378.0,2
5255,525368335,7.45,1.0,6.0,2
5260,525368335,310.37,0.6833,214.0,1
5271,525368335,20.07,0.6316,197.0,2
5292,525368335,3.93,0.6667,522.0,2
5309,525368335,4.65,1.0,200.0,2
5313,525368335,0.89,1.0,,2
5326,525368335,1.8,0.0,,0
5327,525368335,1.93,1.0,80.0,2
5378,525368335,0.15,1.0,4.0,2
5395,525368335,3.89,1.0,14.0,2
5406,525368335,0.86,0.0,,0
5449,525368335,4.71,0.5,275.0,0
5460,525368335,9272.73,0.697,171.0,1
5474,525368335,3.52,0.75,392.0,2
5481,525368335,0.15,0.0,,0
5484,525368335,2870.73,0.8636,66.0,1
5492,525368335,5.47,1.0,65.0,2
5497,525368335,0.15,0.0,,0
5500,525368335,27.94,0.7143,330.0,2
5501,525368335,0.15,1.0,654.0,2
5505,525368335,4.09,0.8,99.0,2
5508,525368335,3.2,0.5,442.0,0
5515,525368335,2.51,0.0,,0
5522,525368335,2.41,1.0,5.0,2
5531,525368335,13.14,0.8889,36.0,2
5533,525368335,18.68,1.0,25.0,2
5538,525368335,33.94,0.7778,76.0,2
5551,525368335,0.3,1.0,5.0,2
5588,525368335,17.72,0.75,272.0,2
5591,525368335,0.31,1.0,120.0,2
5596,525368335,1051.38,0.6986,126.0,1
5608,525368335,111.69,0.5714,287.0,1
5624,525368335,5.22,1.0,54.0,2
5640,525368335,531.84,0.875,30.0,1
5658,525368335,2.07,1.0,120.0,2
5693,525368335,12.75,0.875,95.0,2
5705,525368335,4.36,0.3333,243.0,0
5721,525368335,5.21,1.0,6.0,2
5726,525368335,5.1,1.0,61.0,2
5730,525368335,2.54,0.5,49.0,0
5745,525368335,6.58,0.2,596.0,0
5755,525368335,29.05,0.6875,141.0,2
5764,525368335,11.39,0.75,275.0,2
5771,525368335,165.76,0.8571,29.0,1
5792,525368335,0.45,0.0,,0
5800,525368335,3.02,0.6667,135.0,2
5802,525368335,4.09,0.5,112.0,0
5817,525368335,4.01,0.75,674.0,2
5830,525368335,68.65,1.0,29.0,2
5831,525368335,52.79,0.3333,517.0,0
5841,525368335,3.53,1.0,181.0,2
5869,525368335,12.17,1.0,8.0,2
5872,525368335,0.96,0.5,96.0,0
5885,525368335,1.71,1.0,2.0,2
5888,525368335,2.86,0.3333,130.0,0
5891,525368335,112.7,0.3,569.0,0
5896,525368335,18.37,0.4762,192.0,0
5897,525368335,0.43,1.0,,2
5902,525368335,7.4,0.75,13.0,2
5913,525368335,4.42,0.25,412.0,0
5921,525368335,1.97,0.0,,0
5928,525368335,0.85,1.0,3.0,2
5935,525368335,46.08,0.8,190.0,2
6021,525368335,2.94,1.0,18.0,2
6029,525368335,120.76,0.7059,104.0,1
6130,525368335,2.93,1.0,13.0,2
6152,525368335,7.29,0.8571,410.0,2
6162,525368335,121.83,0.9048,45.0,1
6173,525368335,1.4,1.0,46.0,2
6220,525368335,0.76,1.0,1.0,2
6229,525368335,1.21,1.0,3.0,2
6231,525368335,0.88,1.0,120.0,2
6246,525368335,53.38,0.6364,79.0,1
6250,525368335,1.47,1.0,10.0,2
6261,525368335,27.63,0.8333,86.0,2
6272,525368335,121.35,0.75,57.0,1
6305,525368335,3.8,0.75,15.0,2
6307,525368335,20.78,0.7143,223.0,2
6340,525368335,1.45,0.0,,0
6343,525368335,40.22,0.5,214.0,0
6353,525368335,1.5,1.0,2.0,2
6366,525368335,12.65,0.6923,81.0,2
6372,525368335,4.92,0.75,37.0,2
6383,525368335,2.7,1.0,92.0,2
6432,525368335,5.13,1.0,75.0,2
6436,525368335,9.62,1.0,52.0,2
6440,525368335,11.87,0.875,81.0,2
6457,525368335,0.73,1.0,120.0,2
6474,525368335,12230.47,0.6592,172.0,1
6483,525368335,21240.56,0.8,157.0,1
6487,525368335,4.97,1.0,65.0,2
6490,525368335,166.07,0.9524,55.0,1
6503,525368335,5.49,0.8,89.0,2
6510,525368335,1.89,0.5,26.0,0
6516,525368335,110.03,1.0,3.0,2
6518,525368335,10.03,0.4286,322.0,0
6522,525368335,31241.97,0.8863,39.0,1
6523,525368335,1.35,1.0,37.0,2
6542,525368335,2.88,1.0,502.0,2
6554,525368335,22.07,0.5714,127.0,2
6561,525368335,190.83,0.8333,108.0,1
6579,525368335,10.19,1.0,54.0,2
6595,525368335,2.0,0.0,,0
6601,525368335,0.75,1.0,8.0,2
6607,525368335,2674.93,0.6209,240.0,1
6616,525368335,5.75,0.3333,19.0,0
6639,525368335,0.69,1.0,120.0,2
6641,525368335,0.37,0.0,,0
6648,525368335,18.0,0.8,39.0,2
6662,525368335,3.14,0.0,7.0,0
